epoch,seconds,train_step_rel_l2,train_full_rel_l2,test_step_rel_l2,test_full_rel_l2,train_pred_mse,train_recon_mse,test_pred_mse,test_recon_mse,params,lr
0,386.636368,7.06239148e-01,7.06625800e-01,9.74828186e-02,9.79775238e-02,2.40642412e+01,2.09030402e-01,4.49572991e-01,5.49345629e-01,1147738,5.00000000e-05
1,391.223979,8.73704681e-02,8.77538298e-02,6.21279955e-02,6.26284584e-02,3.68343560e-01,1.32831136e-01,1.76644067e-01,2.45766902e-03,1147738,5.00000000e-05
2,390.798790,5.52487786e-02,5.58211145e-02,5.34966805e-02,5.40473667e-02,1.37689408e-01,1.84171526e-03,1.27941942e-01,1.63046517e-03,1147738,5.00000000e-05
3,389.456270,5.15911917e-02,5.21176741e-02,4.99618196e-02,5.04793884e-02,1.19810033e-01,1.38814364e-03,1.12689679e-01,1.26576418e-03,1147738,5.00000000e-05
4,391.856528,4.87877711e-02,4.92725056e-02,4.85478241e-02,4.89738977e-02,1.06801085e-01,1.07470346e-03,1.06410084e-01,9.80929304e-04,1147738,5.00000000e-05
5,393.469967,4.81347329e-02,4.85485449e-02,4.68429549e-02,4.71968228e-02,1.03870890e-01,8.72218458e-04,9.91069660e-02,8.15018152e-04,1147738,5.00000000e-05
6,392.188655,4.59472154e-02,4.63272459e-02,4.52281289e-02,4.56086044e-02,9.41430404e-02,7.26831075e-04,9.04948659e-02,6.88444732e-04,1147738,5.00000000e-05
7,393.463739,4.50209857e-02,4.54007837e-02,4.49036112e-02,4.53161360e-02,9.05368624e-02,6.21304030e-04,8.94707326e-02,5.82138454e-04,1147738,5.00000000e-05
8,392.350322,4.40023711e-02,4.43756376e-02,4.41447058e-02,4.44944929e-02,8.63251902e-02,5.46655007e-04,8.59699871e-02,5.35850869e-04,1147738,5.00000000e-05
9,391.907917,4.30839306e-02,4.34649955e-02,4.13830658e-02,4.17248660e-02,8.30407085e-02,4.93392560e-04,7.62534294e-02,4.84648801e-04,1147738,5.00000000e-05
10,392.299111,4.14157693e-02,4.17920270e-02,3.96699140e-02,4.00399689e-02,7.66776076e-02,4.58509365e-04,7.02557204e-02,4.55109529e-04,1147738,5.00000000e-05
11,392.472392,4.04474259e-02,4.08441539e-02,4.26872777e-02,4.33487797e-02,7.34278549e-02,4.42207661e-04,8.17926776e-02,4.59579844e-04,1147738,5.00000000e-05
12,391.838516,3.86094200e-02,3.90361425e-02,3.71460334e-02,3.76560043e-02,6.70012203e-02,4.32052853e-04,6.18474467e-02,4.60607737e-04,1147738,5.00000000e-05
13,392.161071,3.38467983e-02,3.43548546e-02,2.87132016e-02,2.91631543e-02,5.24259282e-02,4.59091514e-04,3.75587682e-02,5.20958814e-04,1147738,5.00000000e-05
14,391.135303,2.95384367e-02,3.01618524e-02,2.76230342e-02,2.81546339e-02,4.08626912e-02,5.00674150e-04,3.50990796e-02,5.45675657e-04,1147738,5.00000000e-05
15,391.758255,2.71483256e-02,2.77424380e-02,2.48838567e-02,2.54093228e-02,3.48327674e-02,5.11645954e-04,2.89893555e-02,4.89552082e-04,1147738,5.00000000e-05
16,393.621147,2.65736645e-02,2.71798307e-02,2.71203145e-02,2.77877712e-02,3.37933051e-02,5.10438854e-04,3.58006834e-02,5.51654599e-04,1147738,5.00000000e-05
17,391.916753,2.50966717e-02,2.56740983e-02,2.45435530e-02,2.50433755e-02,2.99650942e-02,5.11784768e-04,2.90242595e-02,5.34597083e-04,1147738,5.00000000e-05
18,390.387354,2.56991252e-02,2.62871563e-02,2.37137110e-02,2.41612296e-02,3.18821984e-02,5.14374289e-04,2.60307388e-02,4.97410712e-04,1147738,5.00000000e-05
19,392.695974,2.55872715e-02,2.61525057e-02,2.28643365e-02,2.33039061e-02,3.17740899e-02,5.06340254e-04,2.44190212e-02,5.39235608e-04,1147738,5.00000000e-05
20,391.850242,2.35065834e-02,2.40058443e-02,2.28334536e-02,2.33342562e-02,2.61495161e-02,4.96383141e-04,2.56540023e-02,4.83418119e-04,1147738,5.00000000e-05
21,390.130771,2.37169215e-02,2.42091054e-02,2.36108763e-02,2.41014684e-02,2.72236038e-02,4.95631737e-04,2.64864272e-02,5.18724478e-04,1147738,5.00000000e-05
22,392.006584,2.37084106e-02,2.42251454e-02,2.26433015e-02,2.30876798e-02,2.67963532e-02,4.90871508e-04,2.41530323e-02,4.82006640e-04,1147738,5.00000000e-05
23,391.112532,2.36407880e-02,2.41643579e-02,2.40677700e-02,2.46112312e-02,2.65392820e-02,4.88574817e-04,2.70869855e-02,4.92802890e-04,1147738,5.00000000e-05
24,391.906746,2.34238676e-02,2.39239522e-02,2.30276607e-02,2.34978536e-02,2.62174584e-02,4.86901262e-04,2.46773802e-02,5.41617854e-04,1147738,5.00000000e-05
25,390.877360,2.27342314e-02,2.32027408e-02,2.14142635e-02,2.17982729e-02,2.45263115e-02,4.78096383e-04,2.13266694e-02,4.71920415e-04,1147738,5.00000000e-05
26,390.873950,2.43284462e-02,2.48812260e-02,2.49320762e-02,2.52967797e-02,2.89827167e-02,4.82440286e-04,2.86214265e-02,4.66637104e-04,1147738,5.00000000e-05
27,392.351852,2.34221165e-02,2.39458279e-02,2.32276446e-02,2.37762550e-02,2.62596141e-02,4.74780048e-04,2.64004353e-02,4.92844911e-04,1147738,5.00000000e-05
28,391.480196,2.32327389e-02,2.37190003e-02,2.45162420e-02,2.51692234e-02,2.62059193e-02,4.76756005e-04,2.99193597e-02,4.66628874e-04,1147738,5.00000000e-05
29,392.319351,2.30404003e-02,2.35457877e-02,2.18678935e-02,2.22200191e-02,2.53628763e-02,4.72151039e-04,2.18856118e-02,4.79889619e-04,1147738,5.00000000e-05
30,393.679717,2.30843349e-02,2.36103413e-02,2.55740658e-02,2.61900726e-02,2.55878167e-02,4.62747501e-04,3.32955712e-02,4.17769944e-04,1147738,5.00000000e-05
31,393.698557,2.29548301e-02,2.34586369e-02,2.31417714e-02,2.36971440e-02,2.54451575e-02,4.67723853e-04,2.70132224e-02,4.76758786e-04,1147738,5.00000000e-05
32,390.052093,2.23429644e-02,2.28037574e-02,2.32692895e-02,2.37600873e-02,2.38227531e-02,4.61088091e-04,2.50701047e-02,4.73238047e-04,1147738,5.00000000e-05
33,392.189347,2.31605963e-02,2.37004345e-02,2.06078675e-02,2.10322062e-02,2.58623091e-02,4.60636644e-04,2.04077605e-02,4.70550214e-04,1147738,5.00000000e-05
34,391.940624,2.28951641e-02,2.34092423e-02,2.15630692e-02,2.19688078e-02,2.50115535e-02,4.55446113e-04,2.14242071e-02,4.76825248e-04,1147738,5.00000000e-05
35,391.020749,2.27794623e-02,2.32763103e-02,2.08280966e-02,2.11685996e-02,2.51325172e-02,4.56873799e-04,1.98728877e-02,4.79967099e-04,1147738,5.00000000e-05
36,392.991455,2.14632240e-02,2.18963372e-02,2.02760046e-02,2.06584930e-02,2.19551732e-02,4.56094018e-04,1.96872207e-02,4.50905496e-04,1147738,5.00000000e-05
37,394.524339,2.20600436e-02,2.25399214e-02,2.00556422e-02,2.04395027e-02,2.36275934e-02,4.54023143e-04,1.88267064e-02,4.55578532e-04,1147738,5.00000000e-05
38,391.784567,2.38812690e-02,2.45068654e-02,2.07935075e-02,2.12175677e-02,2.81275855e-02,4.50803031e-04,2.08487595e-02,4.34325780e-04,1147738,5.00000000e-05
39,393.345874,2.23667169e-02,2.28498943e-02,3.13424346e-02,3.23838265e-02,2.41428425e-02,4.51482323e-04,5.07021016e-02,4.67453160e-04,1147738,5.00000000e-05
40,392.284186,2.21068464e-02,2.26075845e-02,2.75065485e-02,2.83174489e-02,2.35050450e-02,4.54792974e-04,3.87353773e-02,5.05229332e-04,1147738,5.00000000e-05
41,390.699553,2.27799322e-02,2.32828349e-02,2.14682605e-02,2.19766025e-02,2.51251201e-02,4.54775458e-04,2.17164476e-02,4.66148723e-04,1147738,5.00000000e-05
42,392.334678,2.28230763e-02,2.33543176e-02,2.41877459e-02,2.48270886e-02,2.52047420e-02,4.47852450e-04,2.71097228e-02,4.57903495e-04,1147738,5.00000000e-05
43,392.138896,2.37134746e-02,2.43026832e-02,2.13219357e-02,2.16865969e-02,2.76258931e-02,4.52234312e-04,2.07981103e-02,4.63455816e-04,1147738,5.00000000e-05
44,392.409454,2.30922746e-02,2.36765961e-02,2.73317565e-02,2.82362859e-02,2.56098164e-02,4.44134129e-04,3.47566925e-02,4.66161496e-04,1147738,5.00000000e-05
45,393.230642,2.24502541e-02,2.29721345e-02,2.05486368e-02,2.09480403e-02,2.41791153e-02,4.45230057e-04,1.94837990e-02,4.65276685e-04,1147738,5.00000000e-05
46,392.713419,2.25046181e-02,2.30799978e-02,2.25729983e-02,2.31403454e-02,2.42981113e-02,4.40600849e-04,2.34347489e-02,4.65872360e-04,1147738,5.00000000e-05
47,394.304429,2.19020260e-02,2.24426657e-02,1.99808366e-02,2.03383458e-02,2.31161281e-02,4.43460838e-04,1.83126636e-02,4.36353266e-04,1147738,5.00000000e-05
48,393.972974,2.17094099e-02,2.22194976e-02,1.93440059e-02,1.97260013e-02,2.27793032e-02,4.41637926e-04,1.76012921e-02,4.36840510e-04,1147738,5.00000000e-05
49,390.820360,2.08669566e-02,2.13535942e-02,2.26685377e-02,2.31504112e-02,2.07741050e-02,4.41441967e-04,2.35696147e-02,4.35862187e-04,1147738,5.00000000e-05
50,389.533303,2.21072494e-02,2.26542075e-02,1.99513723e-02,2.03883286e-02,2.37427859e-02,4.42584063e-04,1.85405942e-02,4.26775989e-04,1147738,5.00000000e-05
51,387.967126,2.20097716e-02,2.25756377e-02,2.42148879e-02,2.49284093e-02,2.35957274e-02,4.41528725e-04,2.72353655e-02,5.02494340e-04,1147738,5.00000000e-05
52,389.961369,2.19316369e-02,2.24608474e-02,2.47730476e-02,2.53915168e-02,2.32558709e-02,4.44150978e-04,2.80514623e-02,4.72060096e-04,1147738,5.00000000e-05
53,388.361744,2.17024004e-02,2.22615012e-02,3.40723455e-02,3.51994595e-02,2.27527956e-02,4.44060772e-04,5.82368931e-02,4.68271101e-04,1147738,5.00000000e-05
54,389.305073,2.21858858e-02,2.27488522e-02,1.96806735e-02,2.00771363e-02,2.38765601e-02,4.46088507e-04,1.78018649e-02,4.27240315e-04,1147738,5.00000000e-05
55,386.725576,2.25656453e-02,2.31862866e-02,1.81588470e-02,1.85197134e-02,2.48114699e-02,4.39201569e-04,1.53267303e-02,4.32552898e-04,1147738,5.00000000e-05
56,388.037789,2.17026644e-02,2.22715864e-02,2.05372363e-02,2.11224154e-02,2.26127032e-02,4.37387084e-04,2.06410103e-02,4.39670446e-04,1147738,5.00000000e-05
57,388.674475,2.16809205e-02,2.22603404e-02,2.10134790e-02,2.13842740e-02,2.25578744e-02,4.35848573e-04,2.02137445e-02,4.42087713e-04,1147738,5.00000000e-05
58,395.248136,2.21549444e-02,2.28083716e-02,2.18836687e-02,2.25700400e-02,2.36204409e-02,4.27698056e-04,2.36207053e-02,4.35728664e-04,1147738,5.00000000e-05
59,405.591878,2.13817629e-02,2.19597654e-02,1.89835606e-02,1.93470554e-02,2.20430000e-02,4.31349390e-04,1.64254121e-02,4.46150955e-04,1147738,5.00000000e-05
60,408.700175,2.26163932e-02,2.32704793e-02,2.20159681e-02,2.26312908e-02,2.51833275e-02,4.42370119e-04,2.34906791e-02,4.56290775e-04,1147738,5.00000000e-05
61,405.889591,2.19564505e-02,2.26189969e-02,2.15014158e-02,2.20151970e-02,2.31603481e-02,4.32954263e-04,2.12390473e-02,4.66620252e-04,1147738,5.00000000e-05
62,404.372315,2.19592641e-02,2.25979935e-02,2.38610065e-02,2.44004373e-02,2.39736391e-02,4.38838010e-04,2.60302520e-02,4.86636456e-04,1147738,5.00000000e-05
63,401.332198,2.32771307e-02,2.39924670e-02,1.75194895e-02,1.79037059e-02,2.71911996e-02,4.42106168e-04,1.42033665e-02,4.38612765e-04,1147738,5.00000000e-05
64,406.138092,2.07448462e-02,2.12915251e-02,2.33042382e-02,2.41513583e-02,2.06394954e-02,4.39568983e-04,2.70803654e-02,4.37288360e-04,1147738,5.00000000e-05
65,407.872724,2.04852255e-02,2.10386232e-02,2.11936268e-02,2.19224619e-02,2.00980300e-02,4.31560115e-04,2.14734795e-02,4.13858664e-04,1147738,5.00000000e-05
66,404.605519,2.10199897e-02,2.16341031e-02,1.84349362e-02,1.87731587e-02,2.11064994e-02,4.27366372e-04,1.54015160e-02,4.54492549e-04,1147738,5.00000000e-05
67,405.103431,2.06552551e-02,2.12386568e-02,1.92635856e-02,1.98652698e-02,2.06753608e-02,4.33110457e-04,1.78566206e-02,4.37859810e-04,1147738,5.00000000e-05
68,405.332154,2.12890691e-02,2.19344674e-02,2.32394286e-02,2.40966465e-02,2.20366668e-02,4.28956498e-04,2.64860411e-02,4.46628656e-04,1147738,5.00000000e-05
69,405.732084,2.11407375e-02,2.18041128e-02,1.87787160e-02,1.91312663e-02,2.17844837e-02,4.30014092e-04,1.59464719e-02,4.42566135e-04,1147738,5.00000000e-05
70,406.227870,2.14026548e-02,2.20436926e-02,2.20484971e-02,2.25220272e-02,2.20347093e-02,4.35271553e-04,2.20654112e-02,4.46034253e-04,1147738,5.00000000e-05
71,404.798104,2.15611354e-02,2.22301017e-02,1.98056119e-02,2.01978962e-02,2.25133799e-02,4.29700458e-04,1.77926620e-02,4.11588736e-04,1147738,5.00000000e-05
72,398.819565,2.20249820e-02,2.27020449e-02,2.15597702e-02,2.21140365e-02,2.38563395e-02,4.34948597e-04,2.14443031e-02,4.08068218e-04,1147738,5.00000000e-05
73,394.892634,2.16716840e-02,2.23683468e-02,1.72412592e-02,1.76316223e-02,2.26608274e-02,4.25981490e-04,1.37044573e-02,4.37418235e-04,1147738,5.00000000e-05
74,395.960915,2.19245210e-02,2.26641033e-02,2.07957389e-02,2.15618962e-02,2.33575617e-02,4.23184909e-04,2.09083630e-02,4.47845218e-04,1147738,5.00000000e-05
75,396.705017,2.11833306e-02,2.18475507e-02,2.73605163e-02,2.88064931e-02,2.20255249e-02,4.41000278e-04,3.70073971e-02,4.40434611e-04,1147738,5.00000000e-05
76,398.685845,2.12666510e-02,2.19410548e-02,2.38125297e-02,2.43911681e-02,2.16454088e-02,4.31911715e-04,2.58512173e-02,4.75357409e-04,1147738,5.00000000e-05
77,398.005815,2.12550961e-02,2.19149547e-02,2.44911317e-02,2.52391446e-02,2.16572332e-02,4.36587841e-04,2.76594463e-02,4.35142473e-04,1147738,5.00000000e-05
78,396.968721,2.13761156e-02,2.20720090e-02,1.77073312e-02,1.80628366e-02,2.21188543e-02,4.31779497e-04,1.42237617e-02,4.36370912e-04,1147738,5.00000000e-05
79,398.126281,2.03334931e-02,2.09486467e-02,2.00589484e-02,2.04636132e-02,2.00684503e-02,4.35157287e-04,1.82032508e-02,4.71105514e-04,1147738,5.00000000e-05
80,398.152625,2.17980651e-02,2.25092504e-02,2.04173624e-02,2.09401336e-02,2.33209134e-02,4.36590296e-04,1.92985924e-02,4.20572169e-04,1147738,5.00000000e-05
81,396.386465,2.19320997e-02,2.26615271e-02,2.70840977e-02,2.82526630e-02,2.33850980e-02,4.42526523e-04,3.61454953e-02,4.32950936e-04,1147738,5.00000000e-05
82,398.378052,2.19915522e-02,2.27277410e-02,1.82105342e-02,1.87803201e-02,2.37626872e-02,4.31282187e-04,1.57868046e-02,4.33898566e-04,1147738,5.00000000e-05
83,397.054121,2.05295480e-02,2.11859731e-02,2.10511795e-02,2.16135590e-02,2.01762296e-02,4.27624258e-04,2.03069579e-02,4.20850895e-04,1147738,5.00000000e-05
84,396.313004,2.18260927e-02,2.25396650e-02,2.01732035e-02,2.08954056e-02,2.29718171e-02,4.37401580e-04,1.98045096e-02,4.37017437e-04,1147738,5.00000000e-05
85,395.950672,2.26123105e-02,2.34312737e-02,1.77253476e-02,1.82305337e-02,2.52646478e-02,4.29890780e-04,1.47314230e-02,4.35138077e-04,1147738,5.00000000e-05
86,398.606192,2.06267692e-02,2.12899613e-02,1.77111723e-02,1.81357542e-02,2.09492590e-02,4.33731452e-04,1.44669256e-02,4.04040074e-04,1147738,5.00000000e-05
87,396.697041,1.98463079e-02,2.04649211e-02,2.05697704e-02,2.10325909e-02,1.91178516e-02,4.28769760e-04,1.92528809e-02,4.47703594e-04,1147738,5.00000000e-05
88,394.714136,2.03063050e-02,2.09431346e-02,1.84338461e-02,1.89488250e-02,1.95805321e-02,4.50235281e-04,1.57486181e-02,4.16981542e-04,1147738,5.00000000e-05
89,394.583143,2.04036058e-02,2.10733625e-02,1.90717086e-02,1.96551623e-02,1.98878412e-02,4.25402521e-04,1.71350030e-02,4.38800236e-04,1147738,5.00000000e-05
90,396.333277,2.13224590e-02,2.20560904e-02,2.23871193e-02,2.29767101e-02,2.22440925e-02,4.30199436e-04,2.28976859e-02,4.76419978e-04,1147738,5.00000000e-05
91,396.328104,2.10096120e-02,2.16946670e-02,1.98169715e-02,2.05106825e-02,2.11337806e-02,4.41806765e-04,1.87540452e-02,4.23375827e-04,1147738,5.00000000e-05
92,396.896189,1.99112975e-02,2.05674929e-02,1.87353962e-02,1.93660097e-02,1.88372115e-02,4.28078467e-04,1.67129340e-02,4.39892777e-04,1147738,5.00000000e-05
93,397.270045,1.81582653e-02,1.86781760e-02,1.74968577e-02,1.80154308e-02,1.54699195e-02,4.31773630e-04,1.43568095e-02,4.52750493e-04,1147738,5.00000000e-05
94,396.710368,2.21797266e-02,2.30155469e-02,1.85451073e-02,1.91990950e-02,2.41108295e-02,4.35202549e-04,1.64029852e-02,4.11069579e-04,1147738,5.00000000e-05
95,397.254422,2.22206882e-02,2.30412533e-02,1.89554868e-02,1.94788564e-02,2.44647599e-02,4.29431470e-04,1.66908302e-02,4.30518697e-04,1147738,5.00000000e-05
96,396.692439,2.27997024e-02,2.36162254e-02,1.93808652e-02,2.00244273e-02,2.53374549e-02,4.27415032e-04,1.77916361e-02,4.20131724e-04,1147738,5.00000000e-05
97,398.034182,2.17261096e-02,2.24633821e-02,2.41315782e-02,2.47672988e-02,2.28696107e-02,4.42331479e-04,2.66155011e-02,4.63750614e-04,1147738,5.00000000e-05
98,398.641967,2.16318027e-02,2.23943310e-02,1.79061702e-02,1.82942675e-02,2.25251284e-02,4.38169157e-04,1.45700829e-02,4.45127813e-04,1147738,5.00000000e-05
99,399.333374,1.85849310e-02,1.91217985e-02,1.73715358e-02,1.77419194e-02,1.61513121e-02,4.36729961e-04,1.36918890e-02,4.52805962e-04,1147738,2.50000000e-05
100,398.824149,1.78202531e-02,1.83250366e-02,1.64866852e-02,1.68440910e-02,1.48530771e-02,4.29075967e-04,1.23892947e-02,4.33726207e-04,1147738,2.50000000e-05
101,399.296516,1.82931253e-02,1.88303115e-02,1.67482835e-02,1.71203113e-02,1.57950739e-02,4.30127897e-04,1.27765282e-02,4.47147540e-04,1147738,2.50000000e-05
102,398.619040,1.76100599e-02,1.81097560e-02,2.17520931e-02,2.27267085e-02,1.45873940e-02,4.30273803e-04,2.31252939e-02,4.37075535e-04,1147738,2.50000000e-05
103,398.934967,1.83746193e-02,1.89294021e-02,1.68838838e-02,1.72372144e-02,1.59640055e-02,4.34750372e-04,1.29136595e-02,4.53519525e-04,1147738,2.50000000e-05
104,398.758541,1.76504681e-02,1.81592746e-02,1.65828741e-02,1.70700843e-02,1.45347868e-02,4.30921376e-04,1.28479178e-02,4.42998643e-04,1147738,2.50000000e-05
105,398.576905,1.72012824e-02,1.76793326e-02,1.96319199e-02,2.04474252e-02,1.37599899e-02,4.29467181e-04,1.85546150e-02,4.23175059e-04,1147738,2.50000000e-05
106,398.671207,1.77052884e-02,1.82282857e-02,1.80646414e-02,1.86410216e-02,1.47160657e-02,4.33228657e-04,1.53374970e-02,4.10005555e-04,1147738,2.50000000e-05
107,398.637288,1.68411433e-02,1.73088109e-02,1.56694572e-02,1.60061703e-02,1.32367953e-02,4.27358683e-04,1.11823076e-02,4.47957129e-04,1147738,2.50000000e-05
108,399.442328,1.75511582e-02,1.80661978e-02,1.65282375e-02,1.70182034e-02,1.43762866e-02,4.34536008e-04,1.27287182e-02,4.40433951e-04,1147738,2.50000000e-05
109,398.567447,1.73889673e-02,1.78974164e-02,1.59331067e-02,1.63767172e-02,1.40833256e-02,4.31002285e-04,1.17667409e-02,4.40131748e-04,1147738,2.50000000e-05
110,398.681334,1.74404591e-02,1.79628754e-02,2.05561062e-02,2.12776875e-02,1.43021301e-02,4.30108468e-04,2.00192305e-02,4.29292747e-04,1147738,2.50000000e-05
111,399.529144,1.68104870e-02,1.72955083e-02,1.60493219e-02,1.63933422e-02,1.31514537e-02,4.24942645e-04,1.16823113e-02,4.44402428e-04,1147738,2.50000000e-05
112,398.131693,1.80985825e-02,1.86716266e-02,1.71202911e-02,1.76582471e-02,1.55882634e-02,4.29096385e-04,1.37473733e-02,4.51795644e-04,1147738,2.50000000e-05
113,398.873721,1.87372349e-02,1.93564106e-02,1.65561063e-02,1.70746659e-02,1.68491799e-02,4.29173967e-04,1.27718758e-02,4.39784991e-04,1147738,2.50000000e-05
114,398.191782,1.67243948e-02,1.72070046e-02,1.58119448e-02,1.61623687e-02,1.29938478e-02,4.28483288e-04,1.13609037e-02,4.48448170e-04,1147738,2.50000000e-05
115,398.079612,1.86325393e-02,1.92251206e-02,1.68669419e-02,1.72443730e-02,1.64706010e-02,4.34560729e-04,1.29193951e-02,4.44572782e-04,1147738,2.50000000e-05
116,401.482785,1.73880448e-02,1.79152768e-02,1.61811776e-02,1.65992326e-02,1.43487621e-02,4.32066240e-04,1.20304923e-02,4.31552917e-04,1147738,2.50000000e-05
117,403.324172,1.73453168e-02,1.78664555e-02,1.62969466e-02,1.67623997e-02,1.41422155e-02,4.25801154e-04,1.23182464e-02,4.25045635e-04,1147738,2.50000000e-05
118,403.635677,1.63977218e-02,1.68639375e-02,1.59652713e-02,1.64231674e-02,1.25184904e-02,4.29974011e-04,1.18096259e-02,4.29172569e-04,1147738,2.50000000e-05
119,404.322997,1.58444978e-02,1.62724630e-02,1.74587069e-02,1.80421571e-02,1.15578833e-02,4.29082134e-04,1.42911074e-02,4.30892578e-04,1147738,2.50000000e-05
120,405.207882,1.61532893e-02,1.66001552e-02,1.62554810e-02,1.67417905e-02,1.20324549e-02,4.31343833e-04,1.22941277e-02,4.34124651e-04,1147738,2.50000000e-05
121,406.973311,1.77958188e-02,1.83455083e-02,1.86986063e-02,1.92148038e-02,1.50250665e-02,4.27870480e-04,1.61838370e-02,4.39839859e-04,1147738,2.50000000e-05
122,406.575966,1.73211547e-02,1.78500399e-02,1.75854123e-02,1.80165331e-02,1.40408547e-02,4.25649871e-04,1.41619547e-02,4.32363912e-04,1147738,2.50000000e-05
123,406.204320,1.60471007e-02,1.64943209e-02,2.00865572e-02,2.06495629e-02,1.18706570e-02,4.30454475e-04,1.85308626e-02,4.32610598e-04,1147738,2.50000000e-05
124,406.284617,1.65533852e-02,1.70296702e-02,1.81363162e-02,1.85969970e-02,1.27122384e-02,4.31984844e-04,1.50148692e-02,4.35985258e-04,1147738,2.50000000e-05
125,406.432641,1.76422937e-02,1.81867453e-02,1.56831551e-02,1.60286583e-02,1.45325752e-02,4.37203187e-04,1.11633875e-02,4.54467797e-04,1147738,2.50000000e-05
126,407.043320,1.77996021e-02,1.83488729e-02,1.85487019e-02,1.92260887e-02,1.49252867e-02,4.33521428e-04,1.64641883e-02,4.18364983e-04,1147738,2.50000000e-05
127,406.989322,1.79991773e-02,1.85788968e-02,1.57355001e-02,1.61731805e-02,1.52347398e-02,4.33277959e-04,1.14594582e-02,4.44351147e-04,1147738,2.50000000e-05
128,406.052174,1.84255969e-02,1.90380466e-02,1.58963287e-02,1.62378542e-02,1.62371316e-02,4.40577295e-04,1.14495292e-02,4.47249336e-04,1147738,2.50000000e-05
129,406.004062,1.59845550e-02,1.64251662e-02,1.60401011e-02,1.64662781e-02,1.17651011e-02,4.33565389e-04,1.18390980e-02,4.40991540e-04,1147738,2.50000000e-05
130,407.174293,1.76565196e-02,1.82169700e-02,1.80747754e-02,1.84900652e-02,1.46453661e-02,4.33931019e-04,1.48429094e-02,4.39344862e-04,1147738,2.50000000e-05
131,406.597007,1.67517413e-02,1.72326202e-02,1.69814392e-02,1.73770363e-02,1.30309230e-02,4.33271652e-04,1.31560502e-02,4.44901192e-04,1147738,2.50000000e-05
132,405.188359,1.74549372e-02,1.79963869e-02,1.66223295e-02,1.70463169e-02,1.44143066e-02,4.32416239e-04,1.26597773e-02,4.54066057e-04,1147738,2.50000000e-05
133,405.732853,1.73600835e-02,1.78816329e-02,1.71809093e-02,1.76380111e-02,1.41167970e-02,4.32115810e-04,1.35469976e-02,4.45513014e-04,1147738,2.50000000e-05
134,406.252263,1.73402904e-02,1.78689405e-02,1.64501918e-02,1.69524658e-02,1.41386991e-02,4.34309369e-04,1.26069603e-02,4.62500493e-04,1147738,2.50000000e-05
135,406.437785,1.71104988e-02,1.76180824e-02,1.72512755e-02,1.76431497e-02,1.36545488e-02,4.41025548e-04,1.35058437e-02,4.53831337e-04,1147738,2.50000000e-05
136,405.972853,1.74646120e-02,1.80104215e-02,1.95279140e-02,2.03325136e-02,1.42717660e-02,4.39802058e-04,1.83081962e-02,4.46649003e-04,1147738,2.50000000e-05
137,406.584599,1.74834456e-02,1.80220244e-02,1.49946808e-02,1.53597049e-02,1.44115058e-02,4.33846078e-04,1.03108520e-02,4.36089603e-04,1147738,2.50000000e-05
138,405.710184,1.66744163e-02,1.71637039e-02,2.09208872e-02,2.18178435e-02,1.29900100e-02,4.33846612e-04,2.10728324e-02,4.45159940e-04,1147738,2.50000000e-05
139,406.667743,1.59903634e-02,1.64428857e-02,1.60717145e-02,1.65432364e-02,1.18053883e-02,4.34075583e-04,1.19990772e-02,4.39574505e-04,1147738,2.50000000e-05
140,407.525357,1.71451835e-02,1.76725197e-02,2.09714142e-02,2.20073874e-02,1.38758776e-02,4.32677221e-04,2.17779758e-02,4.10865537e-04,1147738,2.50000000e-05
141,407.128489,1.68082020e-02,1.73107119e-02,1.70468337e-02,1.74509834e-02,1.32266447e-02,4.37964268e-04,1.32295631e-02,4.47106028e-04,1147738,2.50000000e-05
142,404.264671,1.69313054e-02,1.74362483e-02,1.60275223e-02,1.63938881e-02,1.33757412e-02,4.33306084e-04,1.16756078e-02,4.53374403e-04,1147738,2.50000000e-05
143,393.878903,1.68640379e-02,1.73712191e-02,1.54105496e-02,1.57858013e-02,1.32669158e-02,4.36948960e-04,1.08781929e-02,4.39915071e-04,1147738,2.50000000e-05
144,388.423649,1.64763749e-02,1.69489598e-02,1.50047215e-02,1.53352130e-02,1.26305784e-02,4.32375511e-04,1.02310344e-02,4.46443167e-04,1147738,2.50000000e-05
145,388.749211,1.56687743e-02,1.60945121e-02,1.59088502e-02,1.63560683e-02,1.13062171e-02,4.35086360e-04,1.16633708e-02,4.51948233e-04,1147738,2.50000000e-05
146,389.116411,1.57334045e-02,1.61631641e-02,1.61695701e-02,1.66419222e-02,1.13884746e-02,4.36585738e-04,1.21249053e-02,4.40620233e-04,1147738,2.50000000e-05
147,390.018058,1.57809305e-02,1.62030124e-02,1.62085876e-02,1.66944677e-02,1.14369305e-02,4.37479254e-04,1.21810837e-02,4.45025644e-04,1147738,2.50000000e-05
148,388.636642,1.69335090e-02,1.74380519e-02,1.74398360e-02,1.80305690e-02,1.34066973e-02,4.37082981e-04,1.42907334e-02,4.53288798e-04,1147738,2.50000000e-05
149,388.253634,1.75749668e-02,1.81548971e-02,2.78456144e-02,2.93638463e-02,1.46368863e-02,4.38108255e-04,3.78485939e-02,4.33652269e-04,1147738,2.50000000e-05
150,388.922650,1.72555942e-02,1.77965958e-02,2.01344571e-02,2.08276579e-02,1.41728116e-02,4.36066326e-04,1.91645630e-02,4.40658289e-04,1147738,2.50000000e-05
151,387.430172,1.70418617e-02,1.75720668e-02,1.72876192e-02,1.78294525e-02,1.35876306e-02,4.30841848e-04,1.39951528e-02,4.54704874e-04,1147738,2.50000000e-05
152,387.569129,1.82251440e-02,1.88492290e-02,1.50679737e-02,1.54450481e-02,1.60132606e-02,4.39220483e-04,1.04065435e-02,4.30772303e-04,1147738,2.50000000e-05
153,388.620938,1.57438256e-02,1.61797027e-02,1.68019253e-02,1.73444965e-02,1.14206576e-02,4.35969697e-04,1.31856922e-02,4.42389399e-04,1147738,2.50000000e-05
154,388.972075,1.67342951e-02,1.72329978e-02,1.77419420e-02,1.83758429e-02,1.30811508e-02,4.35281939e-04,1.47937787e-02,4.40811615e-04,1147738,2.50000000e-05
155,387.932277,1.68981997e-02,1.74135453e-02,2.29986012e-02,2.41266444e-02,1.35031368e-02,4.37928899e-04,2.56474720e-02,4.48907362e-04,1147738,2.50000000e-05
156,388.836090,1.89264945e-02,1.96001778e-02,1.54504379e-02,1.58007777e-02,1.73291133e-02,4.51640934e-04,1.09243493e-02,4.27902603e-04,1147738,2.50000000e-05
157,388.309761,1.50310096e-02,1.54160992e-02,1.50994967e-02,1.54914405e-02,1.03428963e-02,4.34531947e-04,1.04844372e-02,4.41265709e-04,1147738,2.50000000e-05
158,388.497450,1.56127294e-02,1.60381205e-02,1.59324192e-02,1.63004660e-02,1.13210092e-02,4.35912566e-04,1.15300392e-02,4.47001369e-04,1147738,2.50000000e-05
159,390.487002,1.52017800e-02,1.55968891e-02,1.76701556e-02,1.81501791e-02,1.06169068e-02,4.35955070e-04,1.43581917e-02,4.57307983e-04,1147738,2.50000000e-05
160,391.349823,1.74611591e-02,1.80237850e-02,2.03512284e-02,2.12539279e-02,1.43379053e-02,4.46459312e-04,1.99312678e-02,4.51818077e-04,1147738,2.50000000e-05
161,389.423033,1.74742100e-02,1.80249281e-02,1.66744380e-02,1.71843141e-02,1.43165014e-02,4.38222526e-04,1.29828493e-02,4.46493229e-04,1147738,2.50000000e-05
162,390.032190,1.63190093e-02,1.67953817e-02,1.68966557e-02,1.74497497e-02,1.24375014e-02,4.40157153e-04,1.33296634e-02,4.65079333e-04,1147738,2.50000000e-05
163,388.429308,1.91406936e-02,1.98555720e-02,1.50268104e-02,1.53703497e-02,1.79731098e-02,4.47806972e-04,1.02797988e-02,4.78864178e-04,1147738,2.50000000e-05
164,390.152644,1.83742305e-02,1.89985022e-02,1.52135757e-02,1.55544907e-02,1.64157665e-02,4.43950211e-04,1.05180819e-02,4.55416938e-04,1147738,2.50000000e-05
165,388.847045,1.71004361e-02,1.76323004e-02,1.74568682e-02,1.78815205e-02,1.37411053e-02,4.42997125e-04,1.38787522e-02,4.61669932e-04,1147738,2.50000000e-05
166,388.403792,1.78059057e-02,1.84177838e-02,2.14968896e-02,2.23418673e-02,1.54469577e-02,4.39049416e-04,2.20141393e-02,4.76798151e-04,1147738,2.50000000e-05
167,389.144418,1.85169336e-02,1.91441753e-02,1.75542363e-02,1.80957495e-02,1.63738741e-02,4.44181236e-04,1.44962300e-02,4.18902887e-04,1147738,2.50000000e-05
168,390.072938,1.66011636e-02,1.71038261e-02,1.47047225e-02,1.50511471e-02,1.29804643e-02,4.39760855e-04,9.87361926e-03,4.47547860e-04,1147738,2.50000000e-05
169,388.447901,1.83090465e-02,1.89165381e-02,1.81072023e-02,1.87436254e-02,1.59298443e-02,4.37734862e-04,1.54381554e-02,4.47841295e-04,1147738,2.50000000e-05
170,389.728010,1.76745303e-02,1.82459750e-02,1.49624323e-02,1.53361274e-02,1.47201565e-02,4.41742243e-04,1.02748801e-02,4.40238363e-04,1147738,2.50000000e-05
171,388.854782,1.58100082e-02,1.62589816e-02,1.58235146e-02,1.62723006e-02,1.15464863e-02,4.39077806e-04,1.15999830e-02,4.44465226e-04,1147738,2.50000000e-05
172,388.749775,1.63088620e-02,1.67852329e-02,1.53630424e-02,1.57033673e-02,1.23799278e-02,4.42217417e-04,1.07136025e-02,4.63788488e-04,1147738,2.50000000e-05
173,391.115578,1.73230296e-02,1.78792339e-02,1.46498063e-02,1.49888180e-02,1.40947881e-02,4.48656719e-04,9.78200077e-03,4.58439415e-04,1147738,2.50000000e-05
174,389.585251,1.66801849e-02,1.71771039e-02,1.61385151e-02,1.65181050e-02,1.30590367e-02,4.38518891e-04,1.18359137e-02,4.53461661e-04,1147738,2.50000000e-05
175,389.640047,1.63904556e-02,1.68776035e-02,1.52278107e-02,1.56161825e-02,1.25315566e-02,4.38915100e-04,1.06449695e-02,4.46547894e-04,1147738,2.50000000e-05
176,389.936630,1.57027968e-02,1.61373680e-02,1.59296455e-02,1.63952584e-02,1.13896124e-02,4.38697208e-04,1.17730188e-02,4.47689366e-04,1147738,2.50000000e-05
177,389.890192,1.74214091e-02,1.80217561e-02,1.88565887e-02,1.95352814e-02,1.44826864e-02,4.49541180e-04,1.67875067e-02,4.48250838e-04,1147738,2.50000000e-05
178,390.427137,1.65958122e-02,1.70937743e-02,1.80231665e-02,1.86894737e-02,1.28665838e-02,4.39891127e-04,1.52843883e-02,4.51280522e-04,1147738,2.50000000e-05
179,388.933136,1.82491698e-02,1.88896191e-02,1.62878153e-02,1.67825963e-02,1.60492700e-02,4.43331724e-04,1.23502051e-02,4.43708723e-04,1147738,2.50000000e-05
180,388.174849,1.62672328e-02,1.67602671e-02,1.52097385e-02,1.55688828e-02,1.24831790e-02,4.37894617e-04,1.05364240e-02,4.56448800e-04,1147738,2.50000000e-05
181,388.813714,1.57313853e-02,1.61727712e-02,1.48409998e-02,1.52196448e-02,1.14269379e-02,4.41691860e-04,1.01287703e-02,4.51424759e-04,1147738,2.50000000e-05
182,390.312757,1.64246641e-02,1.69187055e-02,1.85315404e-02,1.92397159e-02,1.26305179e-02,4.42638864e-04,1.62322522e-02,4.46308714e-04,1147738,2.50000000e-05
183,388.837458,1.70112213e-02,1.75446452e-02,2.25758333e-02,2.36999891e-02,1.36682994e-02,4.46404766e-04,2.47748310e-02,4.45571122e-04,1147738,2.50000000e-05
184,388.903747,1.75700649e-02,1.81539726e-02,1.59563824e-02,1.63252170e-02,1.49386799e-02,4.44386076e-04,1.15777277e-02,4.58882609e-04,1147738,2.50000000e-05
185,388.113664,1.56509128e-02,1.60821725e-02,1.52893314e-02,1.56280975e-02,1.12690837e-02,4.43920606e-04,1.06242866e-02,4.47471682e-04,1147738,2.50000000e-05
186,388.424924,1.78184596e-02,1.84261676e-02,2.01778032e-02,2.08140732e-02,1.52762919e-02,4.46880815e-04,1.87808689e-02,4.74734630e-04,1147738,2.50000000e-05
187,387.943879,1.73021067e-02,1.78646635e-02,1.68353838e-02,1.72360054e-02,1.43291447e-02,4.50041176e-04,1.29050945e-02,4.43561529e-04,1147738,2.50000000e-05
188,387.773598,1.82590902e-02,1.88586997e-02,1.93700535e-02,1.99699383e-02,1.57763277e-02,4.39119950e-04,1.72660373e-02,4.79646078e-04,1147738,2.50000000e-05
189,390.021188,1.96240815e-02,2.03719833e-02,2.16366403e-02,2.24181908e-02,1.87114372e-02,4.56920916e-04,2.18286391e-02,4.86686431e-04,1147738,2.50000000e-05
190,389.782933,1.57687674e-02,1.62064793e-02,1.48279228e-02,1.51699960e-02,1.14741183e-02,4.47614908e-04,1.00116257e-02,4.56154838e-04,1147738,2.50000000e-05
191,390.796011,1.57334000e-02,1.61738575e-02,1.51519250e-02,1.54917239e-02,1.14358505e-02,4.44363356e-04,1.04351327e-02,4.53434035e-04,1147738,2.50000000e-05
192,390.171384,1.61301285e-02,1.65949699e-02,1.76159797e-02,1.80732250e-02,1.21196737e-02,4.44870477e-04,1.42167395e-02,4.52646710e-04,1147738,2.50000000e-05
193,388.770954,1.79228891e-02,1.85488832e-02,1.87747161e-02,1.93337767e-02,1.54695437e-02,4.47473160e-04,1.62306434e-02,4.87422063e-04,1147738,2.50000000e-05
194,387.601168,1.84635233e-02,1.91192589e-02,1.59880912e-02,1.64574286e-02,1.64061097e-02,4.51454143e-04,1.18948124e-02,4.47238059e-04,1147738,2.50000000e-05
195,388.567818,1.67899861e-02,1.73071501e-02,1.72779663e-02,1.78354983e-02,1.32537520e-02,4.47691895e-04,1.38834872e-02,4.49519166e-04,1147738,2.50000000e-05
196,390.069405,1.71834754e-02,1.77238942e-02,1.64259046e-02,1.68398676e-02,1.38331816e-02,4.51613610e-04,1.23812559e-02,4.36910648e-04,1147738,2.50000000e-05
197,389.579630,1.72312345e-02,1.77736595e-02,1.74590688e-02,1.79396228e-02,1.39899756e-02,4.44267802e-04,1.39988230e-02,4.28511216e-04,1147738,2.50000000e-05
198,389.256131,1.73262399e-02,1.78836538e-02,1.52966688e-02,1.56890292e-02,1.41476290e-02,4.46775057e-04,1.07459850e-02,4.47787923e-04,1147738,2.50000000e-05
199,390.955462,1.78416606e-02,1.84246976e-02,1.52041698e-02,1.56115932e-02,1.52666244e-02,4.44348763e-04,1.06466941e-02,4.53846228e-04,1147738,1.25000000e-05
200,389.901997,1.52320287e-02,1.56420590e-02,1.47641003e-02,1.51460092e-02,1.06798052e-02,4.41498540e-04,1.00290733e-02,4.49662320e-04,1147738,1.25000000e-05
201,388.494612,1.52096179e-02,1.56165007e-02,1.49601326e-02,1.53451135e-02,1.06376618e-02,4.43459308e-04,1.02804256e-02,4.48370141e-04,1147738,1.25000000e-05
202,389.234361,1.46959169e-02,1.50764340e-02,1.48560780e-02,1.52455289e-02,9.89657273e-03,4.42086967e-04,1.01591880e-02,4.53896293e-04,1147738,1.25000000e-05
203,389.473538,1.47512525e-02,1.51267329e-02,1.41045653e-02,1.44213057e-02,9.97531303e-03,4.41530507e-04,9.04205125e-03,4.54240801e-04,1147738,1.25000000e-05
204,390.578752,1.47843651e-02,1.51661743e-02,1.48700729e-02,1.52564725e-02,1.00212213e-02,4.41312042e-04,1.01466207e-02,4.50287337e-04,1147738,1.25000000e-05
205,388.618558,1.48674380e-02,1.52592735e-02,1.74086910e-02,1.79092161e-02,1.01767964e-02,4.41789578e-04,1.40084162e-02,4.61167467e-04,1147738,1.25000000e-05
206,390.254753,1.57631765e-02,1.62222737e-02,1.49252387e-02,1.53113244e-02,1.15105763e-02,4.46510786e-04,1.02427076e-02,4.43205440e-04,1147738,1.25000000e-05
207,390.829558,1.46954821e-02,1.50795188e-02,1.41164097e-02,1.44219812e-02,9.91941458e-03,4.40384156e-04,9.04622390e-03,4.51252108e-04,1147738,1.25000000e-05
208,401.314488,1.42171924e-02,1.45684856e-02,1.40178291e-02,1.43477523e-02,9.22296675e-03,4.40836808e-04,8.97611028e-03,4.51074003e-04,1147738,1.25000000e-05
209,391.914610,1.46201364e-02,1.49876319e-02,1.50597660e-02,1.53896999e-02,9.79028988e-03,4.42870397e-04,1.03002485e-02,4.51206665e-04,1147738,1.25000000e-05
210,391.111656,1.47348217e-02,1.51179532e-02,1.41842294e-02,1.44992742e-02,9.95305780e-03,4.43444129e-04,9.16653080e-03,4.39347876e-04,1147738,1.25000000e-05
211,390.861302,1.43067588e-02,1.46585760e-02,1.45605705e-02,1.49139997e-02,9.33940974e-03,4.41023186e-04,9.69204674e-03,4.58184065e-04,1147738,1.25000000e-05
212,390.606295,1.49797854e-02,1.53753420e-02,1.46089991e-02,1.49507064e-02,1.03126135e-02,4.42319354e-04,9.72899362e-03,4.57539026e-04,1147738,1.25000000e-05
213,389.631040,1.53003658e-02,1.57214607e-02,1.85624468e-02,1.91374694e-02,1.08082790e-02,4.41993580e-04,1.59883108e-02,4.60677448e-04,1147738,1.25000000e-05
214,388.702482,1.53064636e-02,1.57272289e-02,1.53034505e-02,1.56623958e-02,1.08258605e-02,4.43844790e-04,1.06770405e-02,4.53721058e-04,1147738,1.25000000e-05
215,389.701579,1.49500393e-02,1.53422181e-02,1.74357152e-02,1.79582252e-02,1.02823637e-02,4.40135898e-04,1.41097829e-02,4.70397836e-04,1147738,1.25000000e-05
216,388.569989,1.45811896e-02,1.49587430e-02,1.42874094e-02,1.46240754e-02,9.77636737e-03,4.41168836e-04,9.31873252e-03,4.46820243e-04,1147738,1.25000000e-05
217,389.798292,1.42423892e-02,1.45934670e-02,1.45229536e-02,1.48726008e-02,9.25726484e-03,4.40342585e-04,9.64883836e-03,4.52228861e-04,1147738,1.25000000e-05
218,389.572495,1.41314114e-02,1.44718399e-02,1.38220067e-02,1.41202096e-02,9.09292094e-03,4.41894670e-04,8.67382381e-03,4.51137973e-04,1147738,1.25000000e-05
219,389.040391,1.46622737e-02,1.50359344e-02,1.52679621e-02,1.56169510e-02,9.84868981e-03,4.42276229e-04,1.06031836e-02,4.56979318e-04,1147738,1.25000000e-05
220,389.800663,1.51889426e-02,1.55962831e-02,1.51899672e-02,1.55180483e-02,1.06431461e-02,4.41569998e-04,1.04823407e-02,4.40337128e-04,1147738,1.25000000e-05
221,388.732483,1.41875127e-02,1.45338170e-02,1.43129408e-02,1.46206098e-02,9.17658445e-03,4.40878629e-04,9.28919185e-03,4.49355993e-04,1147738,1.25000000e-05
222,388.920430,1.41671054e-02,1.45147865e-02,1.47670441e-02,1.50828417e-02,9.15048100e-03,4.41273939e-04,9.90763130e-03,4.43718687e-04,1147738,1.25000000e-05
223,388.874838,1.48391896e-02,1.52279330e-02,1.62761734e-02,1.67820403e-02,1.01183403e-02,4.42384391e-04,1.23358221e-02,4.61078035e-04,1147738,1.25000000e-05
224,390.107016,1.46054227e-02,1.49815280e-02,1.44196050e-02,1.47723576e-02,9.80571558e-03,4.41549857e-04,9.51473159e-03,4.47137648e-04,1147738,1.25000000e-05
225,393.192336,1.44065512e-02,1.47627981e-02,1.53718127e-02,1.57572586e-02,9.48222569e-03,4.41352975e-04,1.08842452e-02,4.52360914e-04,1147738,1.25000000e-05
226,389.879982,1.44022998e-02,1.47593655e-02,1.39893698e-02,1.43178260e-02,9.48741188e-03,4.38247808e-04,8.92655095e-03,4.56422678e-04,1147738,1.25000000e-05
227,389.614757,1.41163299e-02,1.44570573e-02,1.42121841e-02,1.45494438e-02,9.07647649e-03,4.41672477e-04,9.21818721e-03,4.49169014e-04,1147738,1.25000000e-05
228,391.275589,1.44569378e-02,1.48184034e-02,1.42941985e-02,1.46095753e-02,9.55725299e-03,4.38881647e-04,9.29294699e-03,4.51209696e-04,1147738,1.25000000e-05
229,390.211005,1.46081957e-02,1.49824622e-02,1.58943449e-02,1.63075037e-02,9.81894518e-03,4.40958876e-04,1.15623920e-02,4.50640572e-04,1147738,1.25000000e-05
230,389.857586,1.48138265e-02,1.51908670e-02,1.43083782e-02,1.46155903e-02,1.00556375e-02,4.40652127e-04,9.28084850e-03,4.52267776e-04,1147738,1.25000000e-05
231,388.224309,1.40569630e-02,1.43976348e-02,1.38946527e-02,1.41896946e-02,9.00379741e-03,4.40935730e-04,8.76036719e-03,4.52353950e-04,1147738,1.25000000e-05
232,389.063790,1.41556316e-02,1.44993143e-02,1.39164200e-02,1.42383214e-02,9.14030889e-03,4.40479757e-04,8.83465982e-03,4.49616500e-04,1147738,1.25000000e-05
233,388.892906,1.45770875e-02,1.49408352e-02,1.39407095e-02,1.42297348e-02,9.72317954e-03,4.41351509e-04,8.81350474e-03,4.37417709e-04,1147738,1.25000000e-05
234,388.752711,1.44003027e-02,1.47561483e-02,1.42724232e-02,1.45765729e-02,9.50689675e-03,4.39476508e-04,9.25912382e-03,4.42285627e-04,1147738,1.25000000e-05
235,405.952454,1.46940011e-02,1.50744684e-02,1.53647835e-02,1.57951503e-02,9.89468329e-03,4.43807998e-04,1.09001282e-02,4.50543376e-04,1147738,1.25000000e-05
236,404.492259,1.46831326e-02,1.50593435e-02,1.62671514e-02,1.66871176e-02,9.88165806e-03,4.42928310e-04,1.22498525e-02,4.52074187e-04,1147738,1.25000000e-05
237,401.326156,1.46843849e-02,1.50611914e-02,1.56118992e-02,1.60036998e-02,9.91586864e-03,4.39177452e-04,1.11460235e-02,4.59167416e-04,1147738,1.25000000e-05
238,391.271651,1.42603132e-02,1.46110202e-02,1.65119634e-02,1.69371922e-02,9.28941055e-03,4.40279452e-04,1.24538787e-02,4.57246073e-04,1147738,1.25000000e-05
239,387.334438,1.46587436e-02,1.50307079e-02,1.40978578e-02,1.43966388e-02,9.87356805e-03,4.40776542e-04,9.01908758e-03,4.44267160e-04,1147738,1.25000000e-05
240,388.540745,1.41260168e-02,1.44716640e-02,1.44801100e-02,1.47882076e-02,9.12045650e-03,4.40543224e-04,9.50447400e-03,4.47321777e-04,1147738,1.25000000e-05
241,388.221656,1.41988981e-02,1.45489342e-02,1.40521079e-02,1.43711233e-02,9.22141736e-03,4.41224973e-04,9.00601135e-03,4.57915779e-04,1147738,1.25000000e-05
242,388.208258,1.43971927e-02,1.47487700e-02,1.50646467e-02,1.54105310e-02,9.48285624e-03,4.41128223e-04,1.04231766e-02,4.47898470e-04,1147738,1.25000000e-05
243,387.251545,1.40674092e-02,1.43989057e-02,1.43867131e-02,1.47384785e-02,9.01624101e-03,4.41445700e-04,9.46837575e-03,4.51039004e-04,1147738,1.25000000e-05
244,389.482608,1.39174358e-02,1.42447993e-02,1.47183495e-02,1.50916034e-02,8.81902101e-03,4.41205244e-04,9.94558404e-03,4.50428878e-04,1147738,1.25000000e-05
245,389.030770,1.39872668e-02,1.43207580e-02,1.40050791e-02,1.43182128e-02,8.91171567e-03,4.41136682e-04,8.92608105e-03,4.43839070e-04,1147738,1.25000000e-05
246,387.111522,1.40053166e-02,1.43367154e-02,1.37519757e-02,1.40554214e-02,8.93536077e-03,4.41276823e-04,8.60406321e-03,4.47932640e-04,1147738,1.25000000e-05
247,387.587276,1.46801702e-02,1.50605278e-02,1.82530371e-02,1.89338702e-02,9.94176210e-03,4.42399597e-04,1.57592383e-02,4.48859881e-04,1147738,1.25000000e-05
248,387.986368,1.41676610e-02,1.45090124e-02,1.38835793e-02,1.41977570e-02,9.16929820e-03,4.41741843e-04,8.77804407e-03,4.51464008e-04,1147738,1.25000000e-05
249,388.664986,1.44544360e-02,1.48263508e-02,1.47555751e-02,1.50988765e-02,9.60626384e-03,4.41727249e-04,9.91449724e-03,4.60962055e-04,1147738,1.25000000e-05
250,387.984075,1.44737819e-02,1.48325022e-02,1.41989060e-02,1.45239115e-02,9.57758040e-03,4.40123557e-04,9.19713005e-03,4.50938530e-04,1147738,1.25000000e-05
251,388.066832,1.40105293e-02,1.43431333e-02,1.35829414e-02,1.38749268e-02,8.94772021e-03,4.40177336e-04,8.37845327e-03,4.51853807e-04,1147738,1.25000000e-05
252,386.272864,1.50903850e-02,1.55009947e-02,1.43268207e-02,1.46460143e-02,1.05216115e-02,4.42912716e-04,9.33758826e-03,4.48220393e-04,1147738,1.25000000e-05
253,384.343190,1.46565251e-02,1.50355644e-02,1.38167767e-02,1.41167060e-02,9.86947890e-03,4.40093589e-04,8.69465652e-03,4.42666186e-04,1147738,1.25000000e-05
254,386.348857,1.44735875e-02,1.48368867e-02,1.52660676e-02,1.56613333e-02,9.61116425e-03,4.41325569e-04,1.07831771e-02,4.39456908e-04,1147738,1.25000000e-05
255,387.017339,1.44447620e-02,1.48022229e-02,1.39728916e-02,1.42698619e-02,9.56701816e-03,4.41061464e-04,8.85335663e-03,4.51281915e-04,1147738,1.25000000e-05
256,386.693174,1.39514951e-02,1.42839886e-02,1.36978862e-02,1.39922859e-02,8.86944625e-03,4.41266100e-04,8.52124267e-03,4.53620477e-04,1147738,1.25000000e-05
257,386.724061,1.40764743e-02,1.44165428e-02,1.47640354e-02,1.51075371e-02,9.03255088e-03,4.41772890e-04,9.93203912e-03,4.58396843e-04,1147738,1.25000000e-05
258,386.898690,1.40333673e-02,1.43710143e-02,1.41507382e-02,1.44581760e-02,8.97838049e-03,4.41349394e-04,9.08252052e-03,4.53685609e-04,1147738,1.25000000e-05
259,386.546167,1.47345115e-02,1.51143701e-02,1.70206953e-02,1.74868170e-02,9.96281816e-03,4.43743961e-04,1.33488913e-02,4.43896314e-04,1147738,1.25000000e-05
260,388.199601,1.42752077e-02,1.46273136e-02,1.43401296e-02,1.46714719e-02,9.34061648e-03,4.41121830e-04,9.37984833e-03,4.52473999e-04,1147738,1.25000000e-05
261,385.936884,1.52792625e-02,1.56955860e-02,1.39676120e-02,1.42759121e-02,1.07888301e-02,4.44217108e-04,8.88045968e-03,4.45414331e-04,1147738,1.25000000e-05
262,387.116300,1.45978636e-02,1.49724214e-02,1.44847713e-02,1.48103103e-02,9.75902620e-03,4.45155592e-04,9.52668060e-03,4.54705452e-04,1147738,1.25000000e-05
263,386.650250,1.46957260e-02,1.50737887e-02,1.39445285e-02,1.42495141e-02,9.90536917e-03,4.43270654e-04,8.85777774e-03,4.47445831e-04,1147738,1.25000000e-05
264,387.215834,1.47935589e-02,1.51775687e-02,1.40130280e-02,1.43365999e-02,1.00989387e-02,4.42386614e-04,8.95608838e-03,4.53259636e-04,1147738,1.25000000e-05
265,387.638170,1.41616640e-02,1.45088599e-02,1.44093717e-02,1.47588059e-02,9.15516019e-03,4.42740975e-04,9.51024466e-03,4.45367475e-04,1147738,1.25000000e-05
266,386.974465,1.43146300e-02,1.46775890e-02,1.65783209e-02,1.70903566e-02,9.42112969e-03,4.41780319e-04,1.29360370e-02,4.57401208e-04,1147738,1.25000000e-05
267,385.474932,1.48234775e-02,1.52039220e-02,1.59218423e-02,1.63243245e-02,1.00911728e-02,4.40415151e-04,1.16531135e-02,4.52963477e-04,1147738,1.25000000e-05
268,386.283362,1.42427884e-02,1.45895454e-02,1.37895570e-02,1.40815666e-02,9.27238145e-03,4.42289126e-04,8.63201967e-03,4.52209227e-04,1147738,1.25000000e-05
269,387.321660,1.52043314e-02,1.56120996e-02,1.60158812e-02,1.64235398e-02,1.06909924e-02,4.41904766e-04,1.17247106e-02,4.53566604e-04,1147738,1.25000000e-05
270,387.218016,1.48194299e-02,1.52178737e-02,1.62049407e-02,1.66566969e-02,1.01220994e-02,4.43064281e-04,1.20149136e-02,4.61879891e-04,1147738,1.25000000e-05
271,387.445658,1.48530911e-02,1.52353334e-02,1.39435663e-02,1.42588135e-02,1.01213725e-02,4.44949051e-04,8.86460759e-03,4.56549310e-04,1147738,1.25000000e-05
272,386.892238,1.46949003e-02,1.50788219e-02,1.59984874e-02,1.64992201e-02,9.90930992e-03,4.45984063e-04,1.19609307e-02,4.44980800e-04,1147738,1.25000000e-05
273,387.822257,1.46577298e-02,1.50353813e-02,1.45839802e-02,1.49160957e-02,9.83667527e-03,4.46835730e-04,9.66902422e-03,4.59195263e-04,1147738,1.25000000e-05
274,385.205190,1.44218984e-02,1.47755794e-02,1.37456170e-02,1.40506037e-02,9.52989169e-03,4.40975568e-04,8.59388530e-03,4.57975093e-04,1147738,1.25000000e-05
275,385.298034,1.39434020e-02,1.42755417e-02,1.49775562e-02,1.54306709e-02,8.85744696e-03,4.43774657e-04,1.04688966e-02,4.54355462e-04,1147738,1.25000000e-05
276,384.082689,1.44034541e-02,1.47622894e-02,1.39357237e-02,1.42412148e-02,9.50307102e-03,4.42144446e-04,8.83403921e-03,4.52325491e-04,1147738,1.25000000e-05
277,383.989310,1.43338168e-02,1.46831460e-02,1.40074838e-02,1.43247156e-02,9.38407788e-03,4.43206819e-04,8.93732924e-03,4.50784320e-04,1147738,1.25000000e-05
278,382.315224,1.45809304e-02,1.49563223e-02,1.43804722e-02,1.47287159e-02,9.75210132e-03,4.45855651e-04,9.46960021e-03,4.57067245e-04,1147738,1.25000000e-05
279,384.350818,1.41772522e-02,1.45232926e-02,1.41895954e-02,1.45183165e-02,9.17521708e-03,4.43488553e-04,9.18708527e-03,4.49536584e-04,1147738,1.25000000e-05
280,384.075716,1.39503427e-02,1.42830678e-02,1.35580931e-02,1.38403872e-02,8.86531590e-03,4.43907766e-04,8.33210326e-03,4.51056409e-04,1147738,1.25000000e-05
281,384.284521,1.45775118e-02,1.49514826e-02,1.55840364e-02,1.60330264e-02,9.75271264e-03,4.44890722e-04,1.12356654e-02,4.59532836e-04,1147738,1.25000000e-05
282,383.767617,1.45106172e-02,1.48793830e-02,1.42650387e-02,1.46043819e-02,9.64671568e-03,4.44710237e-04,9.30684796e-03,4.54781639e-04,1147738,1.25000000e-05
283,383.552718,1.49882234e-02,1.53955336e-02,1.45724632e-02,1.49348881e-02,1.04559670e-02,4.42507192e-04,9.73075498e-03,4.51144885e-04,1147738,1.25000000e-05
284,383.666636,1.41168874e-02,1.44593522e-02,1.39508017e-02,1.42515016e-02,9.09479308e-03,4.43687713e-04,8.83374228e-03,4.56161535e-04,1147738,1.25000000e-05
285,384.052211,1.48019584e-02,1.51905951e-02,1.39012834e-02,1.42170540e-02,1.00659558e-02,4.45533354e-04,8.78766468e-03,4.60036421e-04,1147738,1.25000000e-05
286,384.135444,1.46623386e-02,1.50344858e-02,1.36972829e-02,1.39932525e-02,9.90070011e-03,4.43087356e-04,8.51521560e-03,4.54190201e-04,1147738,1.25000000e-05
287,382.901676,1.42669938e-02,1.46269108e-02,1.38192887e-02,1.41287229e-02,9.33546324e-03,4.44452275e-04,8.69160814e-03,4.50199785e-04,1147738,1.25000000e-05
288,382.534498,1.44600197e-02,1.48309484e-02,1.50450954e-02,1.53891101e-02,9.59653696e-03,4.41235683e-04,1.02858560e-02,4.53825428e-04,1147738,1.25000000e-05
289,383.267961,1.47538566e-02,1.51454825e-02,1.48120108e-02,1.51937079e-02,1.00103277e-02,4.48523283e-04,1.00911633e-02,4.50689349e-04,1147738,1.25000000e-05
290,383.275859,1.47812984e-02,1.51740756e-02,1.68669860e-02,1.74410722e-02,1.00583634e-02,4.46801137e-04,1.33710806e-02,4.50386421e-04,1147738,1.25000000e-05
291,382.184130,1.49082621e-02,1.53044721e-02,1.45396776e-02,1.48972989e-02,1.02562297e-02,4.43589407e-04,9.67559963e-03,4.50098072e-04,1147738,1.25000000e-05
292,382.874505,1.41905472e-02,1.45389733e-02,1.40562305e-02,1.43739485e-02,9.21710406e-03,4.43755056e-04,8.99651167e-03,4.50106099e-04,1147738,1.25000000e-05
293,383.856406,1.39754840e-02,1.43125756e-02,1.41008987e-02,1.44154823e-02,8.90369885e-03,4.44054160e-04,9.03334245e-03,4.57402768e-04,1147738,1.25000000e-05
294,383.806881,1.46153154e-02,1.49998157e-02,1.50455343e-02,1.53993546e-02,9.80697394e-03,4.48252702e-04,1.03210985e-02,4.49968704e-04,1147738,1.25000000e-05
295,383.365011,1.54306936e-02,1.58735019e-02,1.60343684e-02,1.65223286e-02,1.11234471e-02,4.45147714e-04,1.19292236e-02,4.58059721e-04,1147738,1.25000000e-05
296,383.340259,1.43791879e-02,1.47377856e-02,1.50659181e-02,1.54336385e-02,9.47072638e-03,4.43536135e-04,1.04084255e-02,4.55493216e-04,1147738,1.25000000e-05
297,384.967428,1.41779463e-02,1.45155615e-02,1.36730168e-02,1.39663374e-02,9.16313239e-03,4.45123832e-04,8.48163096e-03,4.56517403e-04,1147738,1.25000000e-05
298,384.714322,1.38774823e-02,1.42054441e-02,1.35368861e-02,1.38196190e-02,8.76477070e-03,4.46133691e-04,8.30645429e-03,4.54613897e-04,1147738,1.25000000e-05
299,384.004581,1.39227821e-02,1.42542180e-02,1.35334376e-02,1.38244089e-02,8.82462114e-03,4.45773497e-04,8.31518583e-03,4.55858819e-04,1147738,6.25000000e-06
300,383.925978,1.38661968e-02,1.41882973e-02,1.36850167e-02,1.39842798e-02,8.74575503e-03,4.44845124e-04,8.51172858e-03,4.56064825e-04,1147738,6.25000000e-06
301,382.909976,1.35316357e-02,1.38324238e-02,1.39281555e-02,1.42205650e-02,8.30425945e-03,4.44055402e-04,8.80766939e-03,4.59370735e-04,1147738,6.25000000e-06
302,384.134874,1.36354738e-02,1.39428611e-02,1.34437329e-02,1.37217157e-02,8.44437115e-03,4.43489808e-04,8.18627959e-03,4.54463037e-04,1147738,6.25000000e-06
303,384.654473,1.36314780e-02,1.39393709e-02,1.35754994e-02,1.38556404e-02,8.43749582e-03,4.43924713e-04,8.36813380e-03,4.53247193e-04,1147738,6.25000000e-06
304,383.198683,1.35417266e-02,1.38450708e-02,1.32695593e-02,1.35458410e-02,8.32289016e-03,4.43622184e-04,7.98117884e-03,4.54922485e-04,1147738,6.25000000e-06
305,382.419173,1.34710570e-02,1.37726342e-02,1.34022277e-02,1.36656320e-02,8.23477493e-03,4.43215812e-04,8.12507567e-03,4.53115070e-04,1147738,6.25000000e-06
306,382.513703,1.34700573e-02,1.37677982e-02,1.34404657e-02,1.37206030e-02,8.23306539e-03,4.43152853e-04,8.19587079e-03,4.51749483e-04,1147738,6.25000000e-06
307,384.604054,1.34380779e-02,1.37364781e-02,1.33800310e-02,1.36619604e-02,8.19055518e-03,4.43167681e-04,8.12599426e-03,4.58384604e-04,1147738,6.25000000e-06
308,382.689696,1.34815311e-02,1.37828081e-02,1.37108890e-02,1.39964960e-02,8.24820883e-03,4.43114628e-04,8.51637933e-03,4.51114947e-04,1147738,6.25000000e-06
309,382.858995,1.35000973e-02,1.37997109e-02,1.35805535e-02,1.38645153e-02,8.27062585e-03,4.43280778e-04,8.35878691e-03,4.53178472e-04,1147738,6.25000000e-06
310,383.204561,1.34633912e-02,1.37616824e-02,1.34801826e-02,1.37441427e-02,8.22651495e-03,4.42755961e-04,8.22368339e-03,4.47081722e-04,1147738,6.25000000e-06
311,383.087498,1.34669094e-02,1.37608165e-02,1.40128016e-02,1.43068012e-02,8.22311190e-03,4.42034801e-04,8.95063186e-03,4.41477839e-04,1147738,6.25000000e-06
312,381.305601,1.33113764e-02,1.36020169e-02,1.30982319e-02,1.33557643e-02,8.03417135e-03,4.40673724e-04,7.75903894e-03,4.48479051e-04,1147738,6.25000000e-06
313,381.547303,1.32487087e-02,1.35341187e-02,1.37119730e-02,1.39896210e-02,7.95006806e-03,4.41801125e-04,8.51590279e-03,4.48952303e-04,1147738,6.25000000e-06
314,381.740163,1.33686666e-02,1.36622231e-02,1.33361185e-02,1.35970530e-02,8.10623178e-03,4.41575294e-04,8.04431976e-03,4.48674324e-04,1147738,6.25000000e-06
315,382.580720,1.34320837e-02,1.37294976e-02,1.36919021e-02,1.39695345e-02,8.18684216e-03,4.41627322e-04,8.48384982e-03,4.53234903e-04,1147738,6.25000000e-06
316,381.672186,1.34178867e-02,1.37106474e-02,1.32036492e-02,1.34704591e-02,8.16507356e-03,4.40901134e-04,7.89698118e-03,4.46655479e-04,1147738,6.25000000e-06
317,381.881726,1.33392833e-02,1.36309373e-02,1.33697012e-02,1.36420787e-02,8.06747342e-03,4.41387419e-04,8.10306338e-03,4.49476802e-04,1147738,6.25000000e-06
318,381.947795,1.33513882e-02,1.36408612e-02,1.34901223e-02,1.37748839e-02,8.07749233e-03,4.41056056e-04,8.25931549e-03,4.52415283e-04,1147738,6.25000000e-06
319,383.174429,1.33564960e-02,1.36516935e-02,1.34091768e-02,1.36961939e-02,8.09090684e-03,4.41474199e-04,8.16678207e-03,4.51245629e-04,1147738,6.25000000e-06
320,382.315092,1.34035042e-02,1.36959696e-02,1.32677531e-02,1.35393437e-02,8.15106539e-03,4.42073731e-04,7.97951021e-03,4.51118236e-04,1147738,6.25000000e-06
321,381.527739,1.34026130e-02,1.36946240e-02,1.33723084e-02,1.36353938e-02,8.14191262e-03,4.41261288e-04,8.08347848e-03,4.45988252e-04,1147738,6.25000000e-06
322,381.342904,1.33160379e-02,1.36035181e-02,1.32436845e-02,1.35241494e-02,8.03510327e-03,4.40581301e-04,7.96208289e-03,4.57335131e-04,1147738,6.25000000e-06
323,383.405839,1.33261930e-02,1.36127386e-02,1.32465275e-02,1.35126770e-02,8.04579563e-03,4.41098758e-04,7.94938314e-03,4.48177898e-04,1147738,6.25000000e-06
324,384.680895,1.33084582e-02,1.35981972e-02,1.33276178e-02,1.35884292e-02,8.02892820e-03,4.40010858e-04,8.03179096e-03,4.50269759e-04,1147738,6.25000000e-06
325,383.879834,1.32427657e-02,1.35240104e-02,1.30395612e-02,1.32990908e-02,7.93552157e-03,4.40565016e-04,7.69816937e-03,4.51013728e-04,1147738,6.25000000e-06
326,383.548602,1.32099549e-02,1.34919896e-02,1.35442082e-02,1.38284197e-02,7.90450505e-03,4.39535223e-04,8.32618005e-03,4.49135996e-04,1147738,6.25000000e-06
327,383.387950,1.33138612e-02,1.36002049e-02,1.35115663e-02,1.37794613e-02,8.02769373e-03,4.40407130e-04,8.25701151e-03,4.50010011e-04,1147738,6.25000000e-06
328,383.477937,1.35219662e-02,1.38197250e-02,1.37544707e-02,1.40374904e-02,8.30407901e-03,4.40293012e-04,8.57023918e-03,4.51024557e-04,1147738,6.25000000e-06
329,383.089653,1.33573899e-02,1.36489544e-02,1.32733043e-02,1.35377429e-02,8.09080843e-03,4.40213468e-04,7.97644656e-03,4.46012077e-04,1147738,6.25000000e-06
330,383.404221,1.32222600e-02,1.35028175e-02,1.33600476e-02,1.36269871e-02,7.91402380e-03,4.39308275e-04,8.07998513e-03,4.53615697e-04,1147738,6.25000000e-06
331,383.986615,1.31412144e-02,1.34172201e-02,1.34552363e-02,1.37191811e-02,7.81415206e-03,4.39842186e-04,8.19634909e-03,4.46571767e-04,1147738,6.25000000e-06
332,383.308630,1.33574607e-02,1.36384066e-02,1.40470082e-02,1.43604808e-02,8.08143995e-03,4.38854998e-04,9.01795621e-03,4.43954272e-04,1147738,6.25000000e-06
333,383.406659,1.34116987e-02,1.36962720e-02,1.32746077e-02,1.35295190e-02,8.15347645e-03,4.40149735e-04,7.95842011e-03,4.47177774e-04,1147738,6.25000000e-06
334,382.473259,1.32653471e-02,1.35472586e-02,1.34921688e-02,1.37705212e-02,7.96643706e-03,4.40858000e-04,8.26046423e-03,4.48619833e-04,1147738,6.25000000e-06
335,384.110145,1.32567324e-02,1.35393612e-02,1.33161574e-02,1.35744125e-02,7.95731231e-03,4.40438771e-04,8.02690212e-03,4.45477830e-04,1147738,6.25000000e-06
336,382.613266,1.33447139e-02,1.36269467e-02,1.29744958e-02,1.32191017e-02,8.07128963e-03,4.39894268e-04,7.60344875e-03,4.49095594e-04,1147738,6.25000000e-06
337,381.556773,1.32603619e-02,1.35361878e-02,1.31676647e-02,1.34296001e-02,7.96556037e-03,4.39174012e-04,7.85559388e-03,4.51840479e-04,1147738,6.25000000e-06
338,383.112375,1.31331356e-02,1.34073765e-02,1.31337342e-02,1.33906764e-02,7.80287317e-03,4.39184042e-04,7.79726612e-03,4.51671324e-04,1147738,6.25000000e-06
339,381.245557,1.32495540e-02,1.35296023e-02,1.33722343e-02,1.36413379e-02,7.95422226e-03,4.39279437e-04,8.10535075e-03,4.47557406e-04,1147738,6.25000000e-06
340,382.386706,1.32336581e-02,1.35110596e-02,1.31344184e-02,1.33784536e-02,7.93149067e-03,4.38618667e-04,7.79389914e-03,4.44824677e-04,1147738,6.25000000e-06
341,384.054745,1.33095196e-02,1.35861183e-02,1.30478764e-02,1.33031974e-02,8.01964765e-03,4.39174711e-04,7.70000541e-03,4.50577266e-04,1147738,6.25000000e-06
342,384.596865,1.31475486e-02,1.34203112e-02,1.33002812e-02,1.35642859e-02,7.81769962e-03,4.38983887e-04,8.01872064e-03,4.53811247e-04,1147738,6.25000000e-06
343,384.063202,1.32454835e-02,1.35248192e-02,1.36029192e-02,1.38768085e-02,7.94279294e-03,4.39223778e-04,8.37380113e-03,4.49790853e-04,1147738,6.25000000e-06
