epoch,seconds,horizon,fallback_batches,train_loss,train_pred_mse,val_full_rel_l2,test_full_rel_l2,lr,params
0,9.372595,1,0,4.01786215e-01,1.07139917e-04,,9.86424387e-02,5.00000000e-05,745342
1,9.073883,1,0,4.36942183e-02,8.41849436e-05,,8.17563549e-02,5.00000000e-05,745342
2,9.101730,1,0,2.26788224e-03,7.13080220e-05,,7.80487117e-02,5.00000000e-05,745342
3,13.167673,1,0,1.00913630e-03,6.26729025e-05,,7.44175524e-02,5.00000000e-05,745342
4,11.255437,1,0,6.76363782e-04,5.72514086e-05,,7.31957304e-02,5.00000000e-05,745342
5,9.623683,1,0,5.78072110e-04,5.34563078e-05,,7.11872298e-02,5.00000000e-05,745342
6,9.612549,1,0,5.27876949e-04,5.05301751e-05,,6.97731432e-02,5.00000000e-05,745342
7,10.318063,1,0,4.95445728e-04,4.83556258e-05,,6.82525283e-02,5.00000000e-05,745342
8,9.982753,1,0,4.71319966e-04,4.66288151e-05,,6.67944166e-02,5.00000000e-05,745342
9,8.396144,1,0,4.51294300e-04,4.53020890e-05,,6.62389511e-02,5.00000000e-05,745342
10,9.172057,1,0,4.33155164e-04,4.42080090e-05,,6.43451220e-02,5.00000000e-05,745342
11,8.888371,1,0,4.16268119e-04,4.33995187e-05,,6.35463065e-02,5.00000000e-05,745342
12,8.961518,1,0,4.00219123e-04,4.28397381e-05,,6.40835294e-02,5.00000000e-05,745342
13,8.517942,1,0,3.84689393e-04,4.24287815e-05,,6.42427778e-02,5.00000000e-05,745342
14,8.555952,1,0,3.69611134e-04,4.20794734e-05,,6.09038553e-02,5.00000000e-05,745342
15,9.568158,1,0,3.55003736e-04,4.18252220e-05,,6.08160654e-02,5.00000000e-05,745342
16,8.742698,1,0,3.40736900e-04,4.16136951e-05,,6.00321659e-02,5.00000000e-05,745342
17,8.465636,1,0,3.26924496e-04,4.15057487e-05,,6.00306776e-02,5.00000000e-05,745342
18,9.186778,1,0,3.13350968e-04,4.14600389e-05,,5.98108801e-02,5.00000000e-05,745342
19,9.002337,1,0,3.00278251e-04,4.14640377e-05,,6.26298577e-02,5.00000000e-05,745342
20,9.308881,1,0,2.87077014e-04,4.14177298e-05,,5.97959435e-02,5.00000000e-05,745342
21,9.343612,1,0,2.74445708e-04,4.14195204e-05,,6.04686567e-02,5.00000000e-05,745342
22,8.389354,1,0,2.62041525e-04,4.14092916e-05,,5.92961779e-02,5.00000000e-05,745342
23,9.251370,1,0,2.49899241e-04,4.13709662e-05,,5.93098757e-02,5.00000000e-05,745342
24,8.548819,1,0,2.38423951e-04,4.14220737e-05,,6.02169505e-02,5.00000000e-05,745342
25,8.519467,1,0,2.27359887e-04,4.14188890e-05,,5.93597001e-02,5.00000000e-05,745342
26,9.579328,1,0,2.17250718e-04,4.15361594e-05,,5.93401733e-02,5.00000000e-05,745342
27,9.190731,1,0,2.07706593e-04,4.15636427e-05,,5.93581975e-02,5.00000000e-05,745342
28,9.274572,1,0,1.99455760e-04,4.16958487e-05,,5.95774490e-02,5.00000000e-05,745342
29,9.313438,1,0,1.91847879e-04,4.17496510e-05,,5.97250155e-02,5.00000000e-05,745342
30,8.553392,1,0,1.85281466e-04,4.18491317e-05,,6.08875224e-02,5.00000000e-05,745342
31,9.513180,1,0,1.79584693e-04,4.19515986e-05,,6.02640545e-02,5.00000000e-05,745342
32,8.836904,1,0,1.74667309e-04,4.20657169e-05,,6.16025922e-02,5.00000000e-05,745342
33,8.550527,1,0,1.70712906e-04,4.22279008e-05,,6.04460904e-02,5.00000000e-05,745342
34,9.150872,1,0,1.67167906e-04,4.23361916e-05,,6.05764407e-02,5.00000000e-05,745342
35,8.674999,1,0,1.64494336e-04,4.25419473e-05,,6.06319869e-02,5.00000000e-05,745342
36,9.224304,1,0,1.61954030e-04,4.26703203e-05,,6.12870002e-02,5.00000000e-05,745342
37,8.555462,1,0,1.59731120e-04,4.27757104e-05,,6.18086880e-02,5.00000000e-05,745342
38,8.570561,1,0,1.58069825e-04,4.29705168e-05,,6.10836124e-02,5.00000000e-05,745342
39,9.269841,1,0,1.56673576e-04,4.31280932e-05,,6.15193477e-02,5.00000000e-05,745342
40,24.612200,5,0,4.35067216e-04,3.55568292e-04,,4.85311221e-02,5.00000000e-05,745342
41,23.333084,5,0,3.19541680e-04,2.41278980e-04,,3.76711155e-02,5.00000000e-05,745342
42,23.517967,5,0,2.66422065e-04,1.88571928e-04,,4.32464255e-02,5.00000000e-05,745342
43,24.335454,5,0,2.30151320e-04,1.53037211e-04,,3.37674483e-02,5.00000000e-05,745342
44,24.916119,5,0,2.12444023e-04,1.35669066e-04,,4.86822094e-02,5.00000000e-05,745342
45,23.799283,5,0,2.00572872e-04,1.24134328e-04,,7.67654118e-02,5.00000000e-05,745342
46,23.788834,5,0,2.06650395e-04,1.30009368e-04,,3.93219455e-02,5.00000000e-05,745342
47,24.078685,5,0,1.92418373e-04,1.16482434e-04,,3.63316692e-02,5.00000000e-05,745342
48,24.132699,5,0,1.91107321e-04,1.15446840e-04,,4.55552152e-02,5.00000000e-05,745342
49,23.982399,5,0,1.86822462e-04,1.11529506e-04,,3.89790265e-02,5.00000000e-05,745342
50,23.754848,5,0,1.82869594e-04,1.08121679e-04,,6.96786839e-02,5.00000000e-05,745342
51,23.931902,5,0,1.88051229e-04,1.13170187e-04,,4.14479934e-02,5.00000000e-05,745342
52,23.694100,5,0,1.82439668e-04,1.08031969e-04,,5.99996901e-02,5.00000000e-05,745342
53,24.032367,5,0,1.77752985e-04,1.03827017e-04,,4.62504010e-02,5.00000000e-05,745342
54,23.579915,5,0,1.76569390e-04,1.02920009e-04,,4.64459331e-02,5.00000000e-05,745342
55,24.160699,5,0,1.76039119e-04,1.02681242e-04,,4.59170736e-02,5.00000000e-05,745342
56,23.947219,5,0,1.74154633e-04,1.01193310e-04,,4.71226425e-02,5.00000000e-05,745342
57,23.714919,5,0,1.72652725e-04,9.99514764e-05,,5.84215021e-02,5.00000000e-05,745342
58,24.332151,5,0,1.74500911e-04,1.01977694e-04,,6.32187788e-02,5.00000000e-05,745342
59,24.038534,5,0,1.71914911e-04,9.97827116e-05,,4.91516036e-02,5.00000000e-05,745342
60,23.492758,5,0,1.70308309e-04,9.85975908e-05,,6.69909459e-02,5.00000000e-05,745342
61,23.629847,5,0,1.69600333e-04,9.81397162e-05,,4.80179451e-02,5.00000000e-05,745342
62,24.022598,5,0,1.69437594e-04,9.82681274e-05,,5.17720826e-02,5.00000000e-05,745342
63,27.525970,5,0,1.70103782e-04,9.91875917e-05,,4.85670094e-02,5.00000000e-05,745342
64,28.527000,5,0,1.68561174e-04,9.79681664e-05,,7.79639938e-02,5.00000000e-05,745342
65,25.402638,5,0,1.67161511e-04,9.68596029e-05,,5.02112329e-02,5.00000000e-05,745342
66,23.635230,5,0,1.64579121e-04,9.46874015e-05,,5.82767330e-02,5.00000000e-05,745342
67,24.151143,5,0,1.69137507e-04,9.93127692e-05,,5.39037517e-02,5.00000000e-05,745342
68,23.657615,5,0,1.63249616e-04,9.39523590e-05,,1.00555486e-01,5.00000000e-05,745342
69,23.369146,5,0,1.62164055e-04,9.30915432e-05,,8.07782352e-02,5.00000000e-05,745342
70,23.594724,5,0,1.61736767e-04,9.29703921e-05,,5.30839838e-02,5.00000000e-05,745342
71,30.190389,5,0,1.61790028e-04,9.32407808e-05,,1.03403230e-01,5.00000000e-05,745342
72,30.518176,5,0,1.63412823e-04,9.50111229e-05,,5.78764731e-02,5.00000000e-05,745342
73,31.162159,5,0,1.60196626e-04,9.21355831e-05,,8.54302070e-02,5.00000000e-05,745342
74,31.116421,5,0,1.58554709e-04,9.07159699e-05,,8.39791143e-02,5.00000000e-05,745342
75,29.190452,5,0,1.58107273e-04,9.04754293e-05,,6.32975286e-02,5.00000000e-05,745342
76,28.007821,5,0,1.60366694e-04,9.28169616e-05,,5.74497774e-02,5.00000000e-05,745342
77,29.711772,5,0,1.57151819e-04,8.99643161e-05,,6.51289237e-02,5.00000000e-05,745342
78,29.964186,5,0,1.57266453e-04,9.01871816e-05,,7.04169515e-02,5.00000000e-05,745342
79,29.161014,5,0,1.56026809e-04,8.91431402e-05,,6.83999985e-02,5.00000000e-05,745342
80,47.308409,10,0,3.29354109e-04,2.73373012e-04,,1.04831984e-01,5.00000000e-05,745342
81,47.405591,10,0,2.94246649e-04,2.33727714e-04,,4.54439732e-02,5.00000000e-05,745342
82,47.790418,10,0,2.46566215e-04,1.83596603e-04,,4.52975383e-02,5.00000000e-05,745342
83,47.343663,10,0,2.57908549e-04,1.93164679e-04,,1.22317628e-01,5.00000000e-05,745342
84,43.851485,10,0,2.58076189e-04,1.90918213e-04,,4.62877157e-02,5.00000000e-05,745342
85,44.553333,10,0,2.22865656e-04,1.54903164e-04,,4.25096446e-02,5.00000000e-05,745342
86,44.424950,10,0,2.40429412e-04,1.71729317e-04,,8.90473273e-02,5.00000000e-05,745342
87,45.402609,10,0,2.12291850e-04,1.43612980e-04,,4.67190193e-02,5.00000000e-05,745342
88,44.336948,10,0,2.41928857e-04,1.72274425e-04,,5.94287699e-02,5.00000000e-05,745342
89,44.342612,10,0,2.04671022e-04,1.35512513e-04,,8.87024263e-02,5.00000000e-05,745342
90,45.378950,10,0,2.04519299e-04,1.36140987e-04,,4.59239416e-02,5.00000000e-05,745342
91,44.491884,10,0,2.20388779e-04,1.51832134e-04,,1.01922133e-01,5.00000000e-05,745342
92,44.377679,10,0,2.13478062e-04,1.44065966e-04,,5.59707853e-02,5.00000000e-05,745342
93,43.540600,10,0,2.15970723e-04,1.46452897e-04,,7.07229015e-02,5.00000000e-05,745342
94,43.174745,10,0,2.05344813e-04,1.36026107e-04,,5.67925292e-02,5.00000000e-05,745342
95,43.284951,10,0,1.98724967e-04,1.30261482e-04,,5.32615355e-02,5.00000000e-05,745342
96,43.312316,10,0,2.21677220e-04,1.52883325e-04,,7.43996888e-02,5.00000000e-05,745342
97,45.572184,10,0,2.16876467e-04,1.47200609e-04,,4.67321779e-02,5.00000000e-05,745342
98,44.670812,10,0,2.08538003e-04,1.38983820e-04,,4.56848964e-02,5.00000000e-05,745342
99,45.267518,10,0,2.07407641e-04,1.37783716e-04,,6.71820647e-02,2.50000000e-05,745342
100,45.788174,10,0,1.87269159e-04,1.18809304e-04,,6.58945236e-02,2.50000000e-05,745342
101,45.052443,10,0,1.86615466e-04,1.19118149e-04,,5.15040246e-02,2.50000000e-05,745342
102,44.038291,10,0,1.81544171e-04,1.15312099e-04,,4.81752490e-02,2.50000000e-05,745342
103,42.519172,10,0,1.79302520e-04,1.14172185e-04,,4.70874563e-02,2.50000000e-05,745342
104,44.272870,10,0,1.77472846e-04,1.13291042e-04,,4.89911145e-02,2.50000000e-05,745342
105,45.079969,10,0,1.76421292e-04,1.12997501e-04,,5.19889328e-02,2.50000000e-05,745342
106,45.242738,10,0,1.73037149e-04,1.10367090e-04,,4.88099557e-02,2.50000000e-05,745342
107,43.822014,10,0,1.72874929e-04,1.10970286e-04,,4.93931341e-02,2.50000000e-05,745342
108,45.073867,10,0,1.71662620e-04,1.10282385e-04,,6.05244198e-02,2.50000000e-05,745342
109,43.847741,10,0,1.69253110e-04,1.08511175e-04,,6.12356845e-02,2.50000000e-05,745342
110,44.358091,10,0,1.67707072e-04,1.07560141e-04,,5.27386178e-02,2.50000000e-05,745342
111,45.216176,10,0,1.70061917e-04,1.10213267e-04,,5.30953212e-02,2.50000000e-05,745342
112,44.653392,10,0,1.66452014e-04,1.07050349e-04,,4.95012438e-02,2.50000000e-05,745342
113,42.635184,10,0,1.67942438e-04,1.08822668e-04,,6.88429838e-02,2.50000000e-05,745342
114,43.158697,10,0,1.67563249e-04,1.08606610e-04,,5.69540432e-02,2.50000000e-05,745342
115,43.094099,10,0,1.65225839e-04,1.06569738e-04,,5.18083376e-02,2.50000000e-05,745342
116,44.150429,10,0,1.64606841e-04,1.06280659e-04,,5.07610442e-02,2.50000000e-05,745342
117,43.702325,10,0,1.63160155e-04,1.05162705e-04,,6.06503114e-02,2.50000000e-05,745342
118,41.848996,10,0,1.62270501e-04,1.04647847e-04,,6.57039428e-02,2.50000000e-05,745342
119,42.918691,10,0,1.62202733e-04,1.04812933e-04,,6.75043979e-02,2.50000000e-05,745342
120,79.283167,20,0,5.48736384e-04,4.99224135e-04,,4.09046175e-02,2.50000000e-05,745342
121,78.156736,20,0,4.27327489e-04,3.75892821e-04,,4.76694585e-02,2.50000000e-05,745342
122,77.804670,20,0,3.92666489e-04,3.40495456e-04,,7.65740722e-02,2.50000000e-05,745342
123,78.845696,20,0,3.60658298e-04,3.06177009e-04,,5.51466641e-02,2.50000000e-05,745342
124,77.862689,20,0,3.26321920e-04,2.70228694e-04,,4.61711787e-02,2.50000000e-05,745342
125,78.494387,20,0,2.70680466e-04,2.12842397e-04,,3.58648421e-02,2.50000000e-05,745342
126,78.540158,20,0,3.67944163e-04,3.07243016e-04,,3.67332558e-02,2.50000000e-05,745342
127,78.648728,20,0,4.35421206e-04,3.70530098e-04,,7.39577386e-02,2.50000000e-05,745342
128,78.676351,20,0,3.09119251e-04,2.43204747e-04,,3.88837488e-02,2.50000000e-05,745342
129,77.193188,20,0,3.80045484e-04,3.11490748e-04,,3.24059430e-02,2.50000000e-05,745342
130,77.294236,20,0,3.01087011e-04,2.31729435e-04,,3.64415631e-02,2.50000000e-05,745342
131,76.817798,20,0,2.71229901e-04,2.00235881e-04,,3.98407561e-02,2.50000000e-05,745342
132,77.245939,20,0,2.92321540e-04,2.18589680e-04,,3.15024929e-02,2.50000000e-05,745342
133,76.693938,20,0,3.29862053e-04,2.54185897e-04,,3.12418905e-02,2.50000000e-05,745342
134,75.827910,20,0,3.18523690e-04,2.40210852e-04,,3.16527091e-02,2.50000000e-05,745342
135,76.947502,20,0,3.29331074e-04,2.47980659e-04,,3.15980405e-02,2.50000000e-05,745342
136,78.365630,20,0,3.06583217e-04,2.24052467e-04,,4.38624856e-02,2.50000000e-05,745342
137,80.246086,20,0,3.27825276e-04,2.43391757e-04,,3.68262270e-02,2.50000000e-05,745342
138,77.419791,20,0,3.52298228e-04,2.65760845e-04,,2.78431901e-02,2.50000000e-05,745342
139,76.811067,20,0,3.10844796e-04,2.23679597e-04,,3.25530712e-02,2.50000000e-05,745342
140,75.046046,20,0,3.32051239e-04,2.43067783e-04,,4.10275248e-02,2.50000000e-05,745342
141,77.228939,20,0,3.82650571e-04,2.91540649e-04,,3.62147899e-02,2.50000000e-05,745342
142,77.611174,20,0,3.75947640e-04,2.83801250e-04,,3.29130454e-02,2.50000000e-05,745342
143,78.557021,20,0,3.46900776e-04,2.54300352e-04,,3.55780435e-02,2.50000000e-05,745342
144,76.830081,20,0,4.22295069e-04,3.27224771e-04,,3.60013096e-02,2.50000000e-05,745342
145,77.030369,20,0,3.32775305e-04,2.38465938e-04,,2.87303923e-02,2.50000000e-05,745342
146,76.851400,20,0,3.33738301e-04,2.38417087e-04,,4.18411024e-02,2.50000000e-05,745342
147,78.293331,20,0,4.17029986e-04,3.19024614e-04,,4.01544103e-02,2.50000000e-05,745342
148,77.789469,20,0,3.67028125e-04,2.68874974e-04,,5.14757508e-02,2.50000000e-05,745342
149,79.107140,20,0,3.83960842e-04,2.84410124e-04,,4.93384922e-02,2.50000000e-05,745342
150,76.203483,20,0,4.22917284e-04,3.20605101e-04,,4.92213750e-02,2.50000000e-05,745342
151,76.814519,20,0,4.55539209e-04,3.50100841e-04,,3.24210265e-02,2.50000000e-05,745342
152,75.158601,20,0,3.75309370e-04,2.70342890e-04,,4.99760501e-02,2.50000000e-05,745342
153,77.226615,20,0,3.74867889e-04,2.68696990e-04,,5.12934950e-02,2.50000000e-05,745342
154,77.148295,20,0,4.33690849e-04,3.25077575e-04,,2.79398936e-02,2.50000000e-05,745342
155,75.007348,20,0,3.51934660e-04,2.43684367e-04,,2.84361766e-02,2.50000000e-05,745342
156,73.091464,20,0,3.61649922e-04,2.51805436e-04,,2.96718237e-02,2.50000000e-05,745342
157,75.632770,20,0,4.03961032e-04,2.91757408e-04,,6.61794418e-02,2.50000000e-05,745342
158,74.846537,20,0,4.40960158e-04,3.26178887e-04,,3.69019003e-02,2.50000000e-05,745342
159,75.996550,20,0,4.07563601e-04,2.92090154e-04,,3.10278833e-02,2.50000000e-05,745342
160,108.407900,30,0,1.22930388e-03,1.10820252e-03,,3.57467283e-02,2.50000000e-05,745342
161,108.671959,30,0,1.11207674e-03,9.89049825e-04,,2.84669830e-02,2.50000000e-05,745342
162,109.524189,30,0,9.88152393e-04,8.68302820e-04,,3.24118984e-02,2.50000000e-05,745342
163,108.821504,30,0,1.01602664e-03,8.95108991e-04,,3.69506997e-02,2.50000000e-05,745342
164,109.514937,30,0,9.82395659e-04,8.61253849e-04,,7.59243196e-02,2.50000000e-05,745342
165,109.243220,30,0,1.41991501e-03,1.28615707e-03,,2.52809322e-02,2.50000000e-05,745342
166,109.323200,30,0,1.05976572e-03,9.36071090e-04,,3.70063803e-02,2.50000000e-05,745342
167,109.506339,30,0,8.47286737e-04,7.25770666e-04,,3.42031330e-02,2.50000000e-05,745342
168,109.984642,30,0,7.26078959e-04,6.02880235e-04,,4.03579716e-02,2.50000000e-05,745342
169,110.554274,30,0,7.36331194e-04,6.12536690e-04,,4.07883215e-02,2.50000000e-05,745342
170,108.497198,30,0,9.83629399e-04,8.52755430e-04,,3.90861918e-02,2.50000000e-05,745342
171,107.178266,30,0,9.07241453e-04,7.75675836e-04,,3.46224044e-02,2.50000000e-05,745342
172,108.510800,30,0,9.04895947e-04,7.70152464e-04,,4.40427355e-02,2.50000000e-05,745342
173,109.924315,30,0,9.39559477e-04,7.99891514e-04,,2.95112059e-02,2.50000000e-05,745342
174,109.590456,30,0,9.92252867e-04,8.50265567e-04,,5.38177499e-02,2.50000000e-05,745342
175,110.274304,30,0,9.84173071e-04,8.40730944e-04,,2.87017064e-02,2.50000000e-05,745342
176,110.401328,30,0,9.87240810e-04,8.40808405e-04,,5.12014715e-02,2.50000000e-05,745342
177,109.957544,30,0,9.82337642e-04,8.34741398e-04,,2.77050881e-02,2.50000000e-05,745342
178,111.260787,30,0,1.08929874e-03,9.38762648e-04,,5.58137980e-02,2.50000000e-05,745342
179,106.608777,30,0,1.40042183e-03,1.24007829e-03,,5.38656460e-02,2.50000000e-05,745342
180,107.126727,30,0,1.43859392e-03,1.27615530e-03,,5.94694048e-02,2.50000000e-05,745342
181,109.382165,30,0,1.37667567e-03,1.21499586e-03,,5.13297576e-02,2.50000000e-05,745342
182,107.734867,30,0,1.37271226e-03,1.20803444e-03,,4.82628015e-02,2.50000000e-05,745342
183,106.444951,30,0,1.36212512e-03,1.19744013e-03,,5.26383424e-02,2.50000000e-05,745342
184,109.535641,30,0,1.37142907e-03,1.20408969e-03,,5.05227460e-02,2.50000000e-05,745342
185,110.361437,30,0,1.21362256e-03,1.05021490e-03,,3.76915663e-02,2.50000000e-05,745342
186,108.452086,30,0,1.03585730e-03,8.76941546e-04,,2.52761787e-02,2.50000000e-05,745342
187,108.149363,30,0,9.42892980e-04,7.85194628e-04,,3.63158454e-02,2.50000000e-05,745342
188,109.056133,30,0,9.18578065e-04,7.62192646e-04,,3.10357980e-02,2.50000000e-05,745342
189,107.864818,30,0,8.94468502e-04,7.37002735e-04,,2.99981047e-02,2.50000000e-05,745342
190,105.264558,30,0,9.34625453e-04,7.73744792e-04,,3.96169715e-02,2.50000000e-05,745342
191,108.342547,30,0,9.34645419e-04,7.73157001e-04,,2.76511534e-02,2.50000000e-05,745342
192,109.866260,30,0,9.51703880e-04,7.90279222e-04,,5.18952219e-02,2.50000000e-05,745342
193,109.791451,30,0,2.02251452e-03,1.84193625e-03,,7.58463961e-02,2.50000000e-05,745342
194,109.147956,30,0,1.17102438e-03,1.00535880e-03,,2.96470208e-02,2.50000000e-05,745342
195,109.922013,30,0,9.37026531e-04,7.76031615e-04,,3.27350697e-02,2.50000000e-05,745342
196,109.446911,30,0,9.13445700e-04,7.51359716e-04,,4.69460605e-02,2.50000000e-05,745342
197,109.333950,30,0,9.42265306e-04,7.79383480e-04,,3.60540068e-02,2.50000000e-05,745342
198,109.231614,30,0,9.13789903e-04,7.52499113e-04,,4.15733373e-02,2.50000000e-05,745342
199,109.159096,30,0,9.21265463e-04,7.59012516e-04,,5.27244851e-02,1.25000000e-05,745342
200,143.089853,40,0,3.20168712e-03,3.02541534e-03,,3.68110554e-02,1.25000000e-05,745342
201,143.693787,40,0,1.90792018e-03,1.75875013e-03,,3.18327688e-02,1.25000000e-05,745342
202,143.861757,40,0,1.52206868e-03,1.38105983e-03,,3.35485278e-02,1.25000000e-05,745342
203,143.188049,40,0,1.42159481e-03,1.28125645e-03,,3.33446772e-02,1.25000000e-05,745342
204,142.701941,40,0,1.38547373e-03,1.24573740e-03,,4.35774569e-02,1.25000000e-05,745342
205,141.173968,40,0,1.35519509e-03,1.21395502e-03,,2.77832517e-02,1.25000000e-05,745342
206,141.288115,40,0,1.38190398e-03,1.24068537e-03,,2.90098953e-02,1.25000000e-05,745342
207,150.329222,40,0,1.38718263e-03,1.24705646e-03,,3.14675395e-02,1.25000000e-05,745342
208,143.877035,40,0,1.32498093e-03,1.18643843e-03,,3.13918406e-02,1.25000000e-05,745342
209,144.385656,40,0,1.25061530e-03,1.11221909e-03,,2.85296458e-02,1.25000000e-05,745342
210,143.395325,40,0,1.23205403e-03,1.09324362e-03,,3.03083724e-02,1.25000000e-05,745342
211,142.891828,40,0,1.31284451e-03,1.17227351e-03,,3.57618384e-02,1.25000000e-05,745342
212,141.573648,40,0,1.21932960e-03,1.07951122e-03,,2.92670631e-02,1.25000000e-05,745342
213,143.614175,40,0,1.28166089e-03,1.14017921e-03,,2.89203158e-02,1.25000000e-05,745342
214,142.421317,40,0,1.26537877e-03,1.12439685e-03,,3.32142401e-02,1.25000000e-05,745342
215,143.092467,40,0,1.27754735e-03,1.13628457e-03,,2.99323122e-02,1.25000000e-05,745342
216,140.588607,40,0,1.14078289e-03,1.00044916e-03,,2.89641126e-02,1.25000000e-05,745342
217,145.766082,40,0,1.19654195e-03,1.05531104e-03,,2.73944005e-02,1.25000000e-05,745342
218,142.284918,40,0,1.28304213e-03,1.14056894e-03,,3.64871481e-02,1.25000000e-05,745342
219,142.656121,40,0,1.16723403e-03,1.02532053e-03,,2.88981667e-02,1.25000000e-05,745342
220,144.578439,40,0,1.06737223e-03,9.25358346e-04,,2.71160399e-02,1.25000000e-05,745342
221,146.123644,40,0,1.09359328e-03,9.49189504e-04,,2.98912646e-02,1.25000000e-05,745342
222,146.388461,40,0,1.13149419e-03,9.86770888e-04,,3.09438178e-02,1.25000000e-05,745342
223,144.289776,40,0,1.30095473e-03,1.15532852e-03,,3.10201657e-02,1.25000000e-05,745342
224,143.231124,40,0,1.15430472e-03,1.01004817e-03,,3.24664977e-02,1.25000000e-05,745342
225,145.907487,40,0,1.19883238e-03,1.05388384e-03,,3.02139169e-02,1.25000000e-05,745342
226,146.717494,40,0,1.21395715e-03,1.06825345e-03,,2.80637729e-02,1.25000000e-05,745342
227,145.672014,40,0,1.08587993e-03,9.41357914e-04,,2.67118073e-02,1.25000000e-05,745342
228,145.612663,40,0,1.02901115e-03,8.84245602e-04,,3.15819189e-02,1.25000000e-05,745342
229,144.862394,40,0,1.26428932e-03,1.11618655e-03,,2.83825096e-02,1.25000000e-05,745342
230,146.066425,40,0,1.17915742e-03,1.03222312e-03,,2.68534589e-02,1.25000000e-05,745342
231,145.794681,40,0,1.24795140e-03,1.09994868e-03,,3.30119990e-02,1.25000000e-05,745342
232,146.369039,40,0,1.17023405e-03,1.02319202e-03,,2.68344683e-02,1.25000000e-05,745342
233,145.752877,40,0,1.22305893e-03,1.07401044e-03,,3.26567614e-02,1.25000000e-05,745342
234,144.596976,40,0,1.23728497e-03,1.08719943e-03,,3.24315010e-02,1.25000000e-05,745342
235,144.606776,40,0,1.24427542e-03,1.09060142e-03,,3.09966743e-02,1.25000000e-05,745342
236,143.638825,40,0,1.15034573e-03,9.99538800e-04,,2.76948719e-02,1.25000000e-05,745342
237,144.977738,40,0,1.29493738e-03,1.14339230e-03,,3.02768964e-02,1.25000000e-05,745342
238,145.084353,40,0,1.28803764e-03,1.13770076e-03,,2.79054686e-02,1.25000000e-05,745342
239,145.087958,40,0,1.30021219e-03,1.14938123e-03,,2.89250086e-02,1.25000000e-05,745342
240,144.501236,40,0,1.21620618e-03,1.06704480e-03,,2.75389519e-02,1.25000000e-05,745342
241,143.570740,40,0,1.25291881e-03,1.10251567e-03,,2.82016180e-02,1.25000000e-05,745342
242,144.921357,40,0,1.21618754e-03,1.06618103e-03,,2.79669660e-02,1.25000000e-05,745342
243,145.466624,40,0,1.26194840e-03,1.11123800e-03,,2.93945771e-02,1.25000000e-05,745342
244,142.183879,40,0,1.15930161e-03,1.00905018e-03,,2.71234323e-02,1.25000000e-05,745342
245,142.324211,40,0,1.22243361e-03,1.07028012e-03,,2.66317464e-02,1.25000000e-05,745342
246,143.753914,40,0,1.19561321e-03,1.04412468e-03,,3.36053772e-02,1.25000000e-05,745342
247,145.170362,40,0,1.31967156e-03,1.16729607e-03,,2.80700041e-02,1.25000000e-05,745342
248,144.277845,40,0,1.26396534e-03,1.11258412e-03,,3.57849891e-02,1.25000000e-05,745342
249,140.776608,40,0,1.17031301e-03,1.01953490e-03,,2.82426188e-02,1.25000000e-05,745342
250,144.242424,40,0,1.15973618e-03,1.00930584e-03,,2.77016096e-02,1.25000000e-05,745342
251,143.919638,40,0,1.26792919e-03,1.11606790e-03,,2.86565493e-02,1.25000000e-05,745342
252,142.165214,40,0,1.16213277e-03,1.01141187e-03,,2.90445051e-02,1.25000000e-05,745342
253,144.786873,40,0,1.13561224e-03,9.84885255e-04,,2.75561955e-02,1.25000000e-05,745342
254,143.724598,40,0,1.02461339e-03,8.73734035e-04,,2.78167826e-02,1.25000000e-05,745342
255,148.776132,40,0,1.38414880e-03,1.23029843e-03,,3.16659576e-02,1.25000000e-05,745342
256,142.661476,40,0,1.08401553e-03,9.34446156e-04,,2.67740443e-02,1.25000000e-05,745342
257,142.636457,40,0,1.19997631e-03,1.04809767e-03,,2.79402871e-02,1.25000000e-05,745342
258,143.122633,40,0,1.14904419e-03,9.97760847e-04,,3.01418120e-02,1.25000000e-05,745342
259,142.442371,40,0,1.18259733e-03,1.03007430e-03,,2.92119008e-02,1.25000000e-05,745342
260,145.931015,40,0,1.22893855e-03,1.07608235e-03,,3.69941232e-02,1.25000000e-05,745342
261,144.278154,40,0,1.07331162e-03,9.22254644e-04,,2.75202571e-02,1.25000000e-05,745342
262,145.305002,40,0,1.08500836e-03,9.32818896e-04,,2.69210491e-02,1.25000000e-05,745342
263,144.106381,40,0,1.04716960e-03,8.94552081e-04,,3.25756373e-02,1.25000000e-05,745342
264,145.936910,40,0,1.30222254e-03,1.14729920e-03,,3.04030536e-02,1.25000000e-05,745342
265,145.621478,40,0,1.22364478e-03,1.07109148e-03,,2.84520233e-02,1.25000000e-05,745342
266,145.042971,40,0,1.09046588e-03,9.36856660e-04,,2.67449383e-02,1.25000000e-05,745342
267,144.366107,40,0,1.05942071e-03,9.04499919e-04,,2.72140970e-02,1.25000000e-05,745342
268,142.120645,40,0,1.05734687e-03,9.01936947e-04,,2.72382625e-02,1.25000000e-05,745342
269,145.450237,40,0,1.07078014e-03,9.14970865e-04,,2.61180884e-02,1.25000000e-05,745342
270,145.688626,40,0,1.06157000e-03,9.06491136e-04,,2.72242688e-02,1.25000000e-05,745342
271,144.656337,40,0,1.00072662e-03,8.45179446e-04,,2.76239765e-02,1.25000000e-05,745342
272,146.831485,40,0,1.42080978e-03,1.25886861e-03,,2.86656865e-02,1.25000000e-05,745342
273,148.149664,40,0,1.12095628e-03,9.64008286e-04,,2.66601182e-02,1.25000000e-05,745342
274,147.278058,40,0,1.06792291e-03,9.09365870e-04,,2.55631399e-02,1.25000000e-05,745342
275,146.507851,40,0,9.89087604e-04,8.32838095e-04,,2.75783785e-02,1.25000000e-05,745342
276,145.720565,40,0,1.16638030e-03,1.00766009e-03,,2.99802889e-02,1.25000000e-05,745342
277,144.389212,40,0,1.41244258e-03,1.25178006e-03,,2.96342383e-02,1.25000000e-05,745342
278,143.871608,40,0,1.26586036e-03,1.10909100e-03,,3.14940403e-02,1.25000000e-05,745342
279,145.709432,40,0,1.21905609e-03,1.06332215e-03,,2.65213659e-02,1.25000000e-05,745342
280,145.493325,40,0,1.07827140e-03,9.22704218e-04,,2.65159110e-02,1.25000000e-05,745342
281,144.176163,40,0,1.02599678e-03,8.70524971e-04,,2.61304614e-02,1.25000000e-05,745342
282,145.288431,40,0,9.97759627e-04,8.41576687e-04,,2.75855363e-02,1.25000000e-05,745342
283,145.743772,40,0,1.21912461e-03,1.06024241e-03,,3.21093339e-02,1.25000000e-05,745342
284,146.174529,40,0,1.29048035e-03,1.13060511e-03,,2.69620394e-02,1.25000000e-05,745342
285,146.119013,40,0,1.08164892e-03,9.23768631e-04,,2.62612735e-02,1.25000000e-05,745342
286,145.058593,40,0,1.05457460e-03,8.95715895e-04,,2.57102530e-02,1.25000000e-05,745342
287,146.810207,40,0,1.05354490e-03,8.94690605e-04,,2.61381430e-02,1.25000000e-05,745342
288,143.838881,40,0,1.05588669e-03,8.95427975e-04,,2.59222390e-02,1.25000000e-05,745342
289,143.478521,40,0,1.26345130e-03,1.10178469e-03,,2.80597596e-02,1.25000000e-05,745342
290,145.176709,40,0,1.30130525e-03,1.14061877e-03,,2.88707544e-02,1.25000000e-05,745342
291,145.277859,40,0,1.18468260e-03,1.02596230e-03,,2.99511454e-02,1.25000000e-05,745342
292,145.550379,40,0,1.21350783e-03,1.05529186e-03,,2.72269596e-02,1.25000000e-05,745342
293,140.541247,40,0,1.10617642e-03,9.49310462e-04,,2.71827877e-02,1.25000000e-05,745342
294,144.494534,40,0,1.20994454e-03,1.05122159e-03,,3.17666575e-02,1.25000000e-05,745342
295,145.074442,40,0,1.27805512e-03,1.11797062e-03,,3.22777103e-02,1.25000000e-05,745342
296,146.291760,40,0,1.24040724e-03,1.07856307e-03,,2.67431822e-02,1.25000000e-05,745342
297,146.523706,40,0,1.11146165e-03,9.53754180e-04,,2.66324826e-02,1.25000000e-05,745342
298,141.990224,40,0,1.32164253e-03,1.16011612e-03,,3.03761551e-02,1.25000000e-05,745342
299,145.058942,40,0,1.21394342e-03,1.05482875e-03,,2.89582232e-02,6.25000000e-06,745342
300,145.335182,40,0,1.14937003e-03,9.91624394e-04,,3.04382516e-02,6.25000000e-06,745342
301,144.731031,40,0,1.37091871e-03,1.21053605e-03,,3.14035495e-02,6.25000000e-06,745342
302,144.771001,40,0,1.22977259e-03,1.07243034e-03,,3.18419014e-02,6.25000000e-06,745342
303,142.730614,40,0,1.28541394e-03,1.12768591e-03,,2.78084877e-02,6.25000000e-06,745342
304,143.807030,40,0,1.26403348e-03,1.10700299e-03,,3.17211847e-02,6.25000000e-06,745342
305,144.670374,40,0,1.16993999e-03,1.01440255e-03,,2.90358850e-02,6.25000000e-06,745342
306,142.730322,40,0,1.19175174e-03,1.03571836e-03,,2.93850695e-02,6.25000000e-06,745342
307,145.801590,40,0,1.22214119e-03,1.06558381e-03,,2.96531589e-02,6.25000000e-06,745342
308,141.745215,40,0,1.08088532e-03,9.26186788e-04,,2.74343166e-02,6.25000000e-06,745342
309,145.593989,40,0,1.01347262e-03,8.58978972e-04,,2.69284303e-02,6.25000000e-06,745342
310,144.546653,40,0,1.02863026e-03,8.73557672e-04,,2.93857168e-02,6.25000000e-06,745342
311,143.594957,40,0,1.17926051e-03,1.02194188e-03,,2.97150038e-02,6.25000000e-06,745342
312,142.734222,40,0,1.27286376e-03,1.11463210e-03,,2.97762644e-02,6.25000000e-06,745342
313,139.692267,40,0,1.31749178e-03,1.15961916e-03,,3.11329158e-02,6.25000000e-06,745342
314,142.003649,40,0,1.20130987e-03,1.04614980e-03,,2.92888807e-02,6.25000000e-06,745342
315,144.005302,40,0,1.07147204e-03,9.17723699e-04,,2.75598700e-02,6.25000000e-06,745342
316,143.220635,40,0,1.10573504e-03,9.50998854e-04,,3.17045508e-02,6.25000000e-06,745342
317,143.556171,40,0,1.15600611e-03,1.00012791e-03,,2.92530820e-02,6.25000000e-06,745342
318,144.282292,40,0,1.06072543e-03,9.05775213e-04,,2.66484365e-02,6.25000000e-06,745342
319,143.883643,40,0,1.00477538e-03,8.50015830e-04,,2.65646841e-02,6.25000000e-06,745342
320,144.037876,40,0,1.09308844e-03,9.36803704e-04,,2.97933671e-02,6.25000000e-06,745342
321,144.129004,40,0,1.19102686e-03,1.03344991e-03,,2.81455414e-02,6.25000000e-06,745342
322,143.836078,40,0,1.11340074e-03,9.56597506e-04,,2.76483166e-02,6.25000000e-06,745342
323,144.204617,40,0,1.25502388e-03,1.09644271e-03,,3.14313757e-02,6.25000000e-06,745342
324,142.997011,40,0,1.20918462e-03,1.05223400e-03,,2.96917813e-02,6.25000000e-06,745342
325,141.298238,40,0,1.13842920e-03,9.82423858e-04,,2.79320727e-02,6.25000000e-06,745342
326,143.619336,40,0,1.17589940e-03,1.01910730e-03,,2.89938644e-02,6.25000000e-06,745342
327,144.139616,40,0,1.17818473e-03,1.02159223e-03,,2.83546081e-02,6.25000000e-06,745342
328,137.499890,40,0,1.09202890e-03,9.36582278e-04,,2.75078166e-02,6.25000000e-06,745342
329,143.055883,40,0,1.15812871e-03,1.00134865e-03,,2.95722255e-02,6.25000000e-06,745342
330,144.149610,40,0,1.17397877e-03,1.01735580e-03,,3.05485497e-02,6.25000000e-06,745342
331,143.609847,40,0,1.03863447e-03,8.83363400e-04,,2.77223933e-02,6.25000000e-06,745342
332,141.728199,40,0,1.09065254e-03,9.34534725e-04,,2.87599726e-02,6.25000000e-06,745342
333,145.386715,40,0,1.07889302e-03,9.22323137e-04,,2.77073654e-02,6.25000000e-06,745342
334,143.822000,40,0,1.15982449e-03,1.00210496e-03,,2.87238854e-02,6.25000000e-06,745342
335,143.891463,40,0,1.18610474e-03,1.02825237e-03,,3.02652393e-02,6.25000000e-06,745342
336,144.591983,40,0,1.14037333e-03,9.83918833e-04,,2.75780827e-02,6.25000000e-06,745342
337,144.466693,40,0,1.05879380e-03,9.03058033e-04,,2.80170591e-02,6.25000000e-06,745342
338,144.033387,40,0,1.20180534e-03,1.04405065e-03,,2.82038644e-02,6.25000000e-06,745342
339,139.614440,40,0,1.11970681e-03,9.63275396e-04,,2.82365590e-02,6.25000000e-06,745342
340,138.160943,40,0,1.07095648e-03,9.14570426e-04,,2.69228112e-02,6.25000000e-06,745342
341,140.915992,40,0,9.98554251e-04,8.42646496e-04,,2.60891765e-02,6.25000000e-06,745342
342,142.662870,40,0,1.05309591e-03,8.96177512e-04,,2.92314973e-02,6.25000000e-06,745342
343,141.576070,40,0,1.22809616e-03,1.06921636e-03,,2.88482971e-02,6.25000000e-06,745342
344,137.597589,40,0,1.20399025e-03,1.04643945e-03,,2.81252024e-02,6.25000000e-06,745342
345,143.122672,40,0,1.08696520e-03,9.31203709e-04,,2.77713418e-02,6.25000000e-06,745342
346,142.705848,40,0,1.10461923e-03,9.48133787e-04,,2.67734538e-02,6.25000000e-06,745342
347,142.937049,40,0,1.05823017e-03,9.02014201e-04,,2.92151067e-02,6.25000000e-06,745342
348,143.586789,40,0,1.08420448e-03,9.27171339e-04,,2.93642941e-02,6.25000000e-06,745342
349,143.126173,40,0,1.09037721e-03,9.33201363e-04,,2.75721007e-02,6.25000000e-06,745342
350,143.069138,40,0,1.10403335e-03,9.46655599e-04,,2.71548799e-02,6.25000000e-06,745342
351,143.646365,40,0,1.09710379e-03,9.39691128e-04,,2.84607911e-02,6.25000000e-06,745342
352,143.331376,40,0,1.10700232e-03,9.49281649e-04,,2.78011344e-02,6.25000000e-06,745342
353,143.075100,40,0,1.28138047e-03,1.12156005e-03,,3.04700114e-02,6.25000000e-06,745342
354,143.350183,40,0,1.18579433e-03,1.02923994e-03,,2.73627943e-02,6.25000000e-06,745342
355,142.696037,40,0,1.07575994e-03,9.20521473e-04,,2.74439846e-02,6.25000000e-06,745342
356,143.986605,40,0,1.03855366e-03,8.83215436e-04,,2.71660431e-02,6.25000000e-06,745342
357,139.334978,40,0,1.03583540e-03,8.79714210e-04,,2.64959379e-02,6.25000000e-06,745342
358,142.734817,40,0,9.82307692e-04,8.26299202e-04,,2.64033333e-02,6.25000000e-06,745342
359,141.277078,40,0,9.46598780e-04,7.90141861e-04,,2.59896068e-02,6.25000000e-06,745342
360,139.100308,40,0,9.79094047e-04,8.21586755e-04,,2.67543831e-02,6.25000000e-06,745342
361,143.695742,40,0,9.52947238e-04,7.95540953e-04,,2.59963215e-02,6.25000000e-06,745342
362,139.009907,40,0,9.41645931e-04,7.83654449e-04,,2.65672113e-02,6.25000000e-06,745342
363,143.457355,40,0,9.39558797e-04,7.81051239e-04,,2.60920204e-02,6.25000000e-06,745342
364,141.990829,40,0,9.37006874e-04,7.77592826e-04,,2.60554770e-02,6.25000000e-06,745342
365,142.878441,40,0,9.39909044e-04,7.79986274e-04,,2.65545461e-02,6.25000000e-06,745342
366,143.246116,40,0,9.65897944e-04,8.05916643e-04,,2.70388513e-02,6.25000000e-06,745342
367,143.541605,40,0,1.12329398e-03,9.60938215e-04,,3.25832576e-02,6.25000000e-06,745342
368,143.377354,40,0,1.47919805e-03,1.31408257e-03,,3.09767549e-02,6.25000000e-06,745342
369,143.992969,40,0,1.23353023e-03,1.07392907e-03,,2.86632586e-02,6.25000000e-06,745342
370,142.242657,40,0,1.23269597e-03,1.07345010e-03,,2.78309727e-02,6.25000000e-06,745342
371,139.261823,40,0,1.09322317e-03,9.36267917e-04,,2.89014013e-02,6.25000000e-06,745342
372,140.661535,40,0,1.23891688e-03,1.08022291e-03,,2.94101633e-02,6.25000000e-06,745342
373,143.221348,40,0,1.17243698e-03,1.01515937e-03,,2.89598183e-02,6.25000000e-06,745342
374,141.449301,40,0,1.21055688e-03,1.05278417e-03,,2.92664079e-02,6.25000000e-06,745342
375,143.482263,40,0,1.19282015e-03,1.03578024e-03,,2.95033237e-02,6.25000000e-06,745342
376,144.120474,40,0,1.09630613e-03,9.40461457e-04,,2.72386535e-02,6.25000000e-06,745342
377,141.508552,40,0,1.05263416e-03,8.96968587e-04,,2.71058037e-02,6.25000000e-06,745342
378,138.353075,40,0,1.07139868e-03,9.14785977e-04,,2.76760188e-02,6.25000000e-06,745342
379,139.091482,40,0,1.07904899e-03,9.22059151e-04,,3.06473121e-02,6.25000000e-06,745342
380,139.175024,40,0,1.13771899e-03,9.79936291e-04,,2.77643022e-02,6.25000000e-06,745342
381,142.800286,40,0,1.03468027e-03,8.77728801e-04,,2.61663121e-02,6.25000000e-06,745342
382,142.820588,40,0,1.08149024e-03,9.23660952e-04,,2.79711729e-02,6.25000000e-06,745342
383,143.480043,40,0,1.10885558e-03,9.50676152e-04,,2.79006532e-02,6.25000000e-06,745342
384,144.247228,40,0,1.04680716e-03,8.89447850e-04,,2.72039495e-02,6.25000000e-06,745342
385,143.607685,40,0,9.92926599e-04,8.35834114e-04,,2.60239773e-02,6.25000000e-06,745342
386,143.611744,40,0,9.48611776e-04,7.91359281e-04,,2.58232401e-02,6.25000000e-06,745342
387,144.109808,40,0,1.01254519e-03,8.53804575e-04,,2.72424033e-02,6.25000000e-06,745342
388,144.005612,40,0,1.05387716e-03,8.94646995e-04,,2.87999813e-02,6.25000000e-06,745342
389,140.700331,40,0,1.18937108e-03,1.02875313e-03,,2.81181909e-02,6.25000000e-06,745342
390,141.807412,40,0,1.21855117e-03,1.05839655e-03,,2.76981057e-02,6.25000000e-06,745342
391,138.552667,40,0,1.02214460e-03,8.64766056e-04,,2.65877886e-02,6.25000000e-06,745342
392,141.908659,40,0,9.67799863e-04,8.10569588e-04,,2.59913590e-02,6.25000000e-06,745342
393,141.199719,40,0,9.49105759e-04,7.91414504e-04,,2.66274594e-02,6.25000000e-06,745342
394,142.813683,40,0,1.07206925e-03,9.12555488e-04,,2.79879583e-02,6.25000000e-06,745342
395,140.143679,40,0,1.15230459e-03,9.91548576e-04,,2.85262616e-02,6.25000000e-06,745342
396,143.591587,40,0,1.08468013e-03,9.25097373e-04,,2.76539901e-02,6.25000000e-06,745342
397,141.997971,40,0,1.12010054e-03,9.60039820e-04,,3.01424575e-02,6.25000000e-06,745342
398,142.846720,40,0,1.27857371e-03,1.11732947e-03,,2.93087798e-02,6.25000000e-06,745342
399,143.014229,40,0,1.16979186e-03,1.01071148e-03,,2.74607210e-02,3.12500000e-06,745342
400,137.752688,40,0,1.19851623e-03,1.03945958e-03,,3.27105586e-02,3.12500000e-06,745342
401,137.529614,40,0,1.41070125e-03,1.24990362e-03,,3.09028395e-02,3.12500000e-06,745342
402,138.303849,40,0,1.30965364e-03,1.15157803e-03,,3.03295641e-02,3.12500000e-06,745342
403,142.282522,40,0,1.26890251e-03,1.11202571e-03,,2.85859278e-02,3.12500000e-06,745342
404,143.210354,40,0,1.12466172e-03,9.69897798e-04,,2.80258414e-02,3.12500000e-06,745342
405,142.817400,40,0,1.11863932e-03,9.63398433e-04,,2.81083471e-02,3.12500000e-06,745342
406,144.666734,40,0,1.06496096e-03,9.10307106e-04,,2.84802370e-02,3.12500000e-06,745342
407,139.352778,40,0,1.23192852e-03,1.07477114e-03,,2.97704875e-02,3.12500000e-06,745342
408,142.278185,40,0,1.11648974e-03,9.61356272e-04,,2.85221355e-02,3.12500000e-06,745342
409,144.827313,40,0,1.15042303e-03,9.94483929e-04,,2.95906232e-02,3.12500000e-06,745342
410,143.848917,40,0,1.09907161e-03,9.43817308e-04,,2.84508769e-02,3.12500000e-06,745342
411,139.475049,40,0,1.05242117e-03,8.97396470e-04,,2.68818399e-02,3.12500000e-06,745342
412,143.282765,40,0,1.04937223e-03,8.94114880e-04,,2.85948932e-02,3.12500000e-06,745342
413,141.557887,40,0,1.10923409e-03,9.53035587e-04,,2.85895161e-02,3.12500000e-06,745342
414,140.193072,40,0,1.16051295e-03,1.00355191e-03,,2.95247750e-02,3.12500000e-06,745342
415,142.971802,40,0,1.20964407e-03,1.05250133e-03,,2.86057518e-02,3.12500000e-06,745342
416,138.963614,40,0,1.16342523e-03,1.00723492e-03,,2.91445576e-02,3.12500000e-06,745342
417,142.614711,40,0,1.16104397e-03,1.00495032e-03,,2.79300201e-02,3.12500000e-06,745342
418,143.831722,40,0,1.13431248e-03,9.78549764e-04,,2.90338083e-02,3.12500000e-06,745342
419,142.283779,40,0,1.13466014e-03,9.78977018e-04,,2.86165066e-02,3.12500000e-06,745342
420,138.456867,40,0,1.13856660e-03,9.82793591e-04,,2.82756951e-02,3.12500000e-06,745342
421,138.443085,40,0,1.11288815e-03,9.57399033e-04,,2.88019691e-02,3.12500000e-06,745342
422,143.925573,40,0,1.12312843e-03,9.67313465e-04,,2.88447106e-02,3.12500000e-06,745342
423,140.566403,40,0,1.08823635e-03,9.32807250e-04,,2.74391051e-02,3.12500000e-06,745342
424,137.337249,40,0,1.10479233e-03,9.49014329e-04,,2.83526124e-02,3.12500000e-06,745342
425,142.729801,40,0,1.13096298e-03,9.74777475e-04,,2.87692676e-02,3.12500000e-06,745342
426,141.831214,40,0,1.11729558e-03,9.61362333e-04,,2.77130687e-02,3.12500000e-06,745342
427,138.320647,40,0,1.08250981e-03,9.27027596e-04,,2.76921225e-02,3.12500000e-06,745342
428,142.623040,40,0,1.06211541e-03,9.06668941e-04,,2.78650105e-02,3.12500000e-06,745342
429,141.807414,40,0,1.05272779e-03,8.97097059e-04,,2.81447513e-02,3.12500000e-06,745342
430,137.864639,40,0,1.05109550e-03,8.95272779e-04,,2.84249893e-02,3.12500000e-06,745342
431,138.403996,40,0,1.05669237e-03,9.00530611e-04,,2.77243419e-02,3.12500000e-06,745342
432,141.021468,40,0,1.07715596e-03,9.20584067e-04,,2.82275295e-02,3.12500000e-06,745342
433,141.997707,40,0,1.18738471e-03,1.02954117e-03,,2.89455669e-02,3.12500000e-06,745342
434,142.281760,40,0,1.11998287e-03,9.63512976e-04,,2.80127200e-02,3.12500000e-06,745342
435,137.025754,40,0,1.14919122e-03,9.92518546e-04,,2.80859517e-02,3.12500000e-06,745342
436,142.517028,40,0,1.08484757e-03,9.29183422e-04,,2.75927544e-02,3.12500000e-06,745342
437,137.693697,40,0,1.11294395e-03,9.56735555e-04,,2.84359066e-02,3.12500000e-06,745342
438,139.357804,40,0,1.06910961e-03,9.13597431e-04,,2.80218667e-02,3.12500000e-06,745342
439,143.729484,40,0,1.06790114e-03,9.12248620e-04,,2.75812970e-02,3.12500000e-06,745342
440,143.883736,40,0,1.11643186e-03,9.60008919e-04,,2.90817867e-02,3.12500000e-06,745342
441,141.877794,40,0,1.12157173e-03,9.65272301e-04,,2.83063336e-02,3.12500000e-06,745342
442,143.334036,40,0,1.12389831e-03,9.67754329e-04,,2.85455145e-02,3.12500000e-06,745342
443,141.208108,40,0,1.07749730e-03,9.21943279e-04,,2.79027124e-02,3.12500000e-06,745342
444,144.081343,40,0,1.09618793e-03,9.40382471e-04,,2.75939731e-02,3.12500000e-06,745342
445,142.115241,40,0,1.07704095e-03,9.21371768e-04,,2.77519472e-02,3.12500000e-06,745342
446,142.602717,40,0,1.09482841e-03,9.38795889e-04,,2.81587166e-02,3.12500000e-06,745342
447,142.804961,40,0,1.08103533e-03,9.25308076e-04,,2.73297763e-02,3.12500000e-06,745342
448,143.855728,40,0,1.05238036e-03,8.96913155e-04,,2.81481636e-02,3.12500000e-06,745342
449,139.585500,40,0,1.04380854e-03,8.88098462e-04,,2.80963679e-02,3.12500000e-06,745342
450,138.755320,40,0,1.03616289e-03,8.80362887e-04,,2.84826022e-02,3.12500000e-06,745342
451,140.683022,40,0,1.13008646e-03,9.73120505e-04,,2.75203374e-02,3.12500000e-06,745342
452,141.089512,40,0,1.04943143e-03,8.93711407e-04,,2.81476775e-02,3.12500000e-06,745342
453,139.956840,40,0,1.06500741e-03,9.08909242e-04,,2.83247444e-02,3.12500000e-06,745342
454,140.842035,40,0,1.06059034e-03,9.04415371e-04,,2.75067201e-02,3.12500000e-06,745342
455,141.893387,40,0,1.10252056e-03,9.45823365e-04,,2.83609441e-02,3.12500000e-06,745342
456,143.545242,40,0,1.11047871e-03,9.53970074e-04,,2.83704242e-02,3.12500000e-06,745342
457,138.119597,40,0,1.16876696e-03,1.01180863e-03,,2.93268986e-02,3.12500000e-06,745342
458,138.066053,40,0,1.10289611e-03,9.47328092e-04,,2.84597608e-02,3.12500000e-06,745342
459,139.719490,40,0,1.05225478e-03,8.97195748e-04,,2.70766231e-02,3.12500000e-06,745342
460,141.028083,40,0,1.08904691e-03,9.33382527e-04,,2.81699143e-02,3.12500000e-06,745342
461,142.147355,40,0,1.06527526e-03,9.09873155e-04,,2.82423322e-02,3.12500000e-06,745342
462,138.910428,40,0,1.06567407e-03,9.10258234e-04,,2.72429014e-02,3.12500000e-06,745342
463,142.208101,40,0,9.87996218e-04,8.33277169e-04,,2.66531992e-02,3.12500000e-06,745342
464,141.100711,40,0,9.75767565e-04,8.20980884e-04,,2.66942322e-02,3.12500000e-06,745342
465,143.648281,40,0,1.05346087e-03,8.97163343e-04,,2.85316695e-02,3.12500000e-06,745342
466,142.241723,40,0,1.07988307e-03,9.23358347e-04,,2.84574772e-02,3.12500000e-06,745342
467,141.435720,40,0,1.12751127e-03,9.70699152e-04,,2.83132797e-02,3.12500000e-06,745342
468,142.407261,40,0,1.04244386e-03,8.86974948e-04,,2.72014308e-02,3.12500000e-06,745342
469,141.306270,40,0,1.04924559e-03,8.93603655e-04,,2.71000911e-02,3.12500000e-06,745342
470,143.676819,40,0,9.98724788e-04,8.43372697e-04,,2.61155671e-02,3.12500000e-06,745342
471,143.343379,40,0,1.04180212e-03,8.85744762e-04,,2.75263359e-02,3.12500000e-06,745342
472,139.946810,40,0,1.09702696e-03,9.40216039e-04,,2.92208765e-02,3.12500000e-06,745342
473,142.646067,40,0,1.18902944e-03,1.03160358e-03,,3.03428848e-02,3.12500000e-06,745342
474,142.996068,40,0,1.11991777e-03,9.64208253e-04,,2.68174420e-02,3.12500000e-06,745342
475,143.043634,40,0,9.95668310e-04,8.41517989e-04,,2.75258099e-02,3.12500000e-06,745342
476,142.375055,40,0,1.01106667e-03,8.56275336e-04,,2.67064488e-02,3.12500000e-06,745342
477,142.816107,40,0,1.04869068e-03,8.93185792e-04,,2.80251570e-02,3.12500000e-06,745342
478,142.388896,40,0,1.05123229e-03,8.95558944e-04,,2.72706726e-02,3.12500000e-06,745342
479,143.416564,40,0,1.03227179e-03,8.76754547e-04,,2.67076549e-02,3.12500000e-06,745342
480,139.146200,40,0,1.03029991e-03,8.74624834e-04,,2.73840287e-02,3.12500000e-06,745342
481,137.627597,40,0,1.08597164e-03,9.29525299e-04,,2.91677499e-02,3.12500000e-06,745342
482,141.406229,40,0,1.16951375e-03,1.01249856e-03,,2.80313425e-02,3.12500000e-06,745342
483,141.567147,40,0,1.05121048e-03,8.96241920e-04,,2.69031203e-02,3.12500000e-06,745342
484,140.172991,40,0,1.01162686e-03,8.56869934e-04,,2.70762907e-02,3.12500000e-06,745342
485,143.079591,40,0,1.07256731e-03,9.16819986e-04,,2.80068353e-02,3.12500000e-06,745342
486,142.548610,40,0,1.07777787e-03,9.22019244e-04,,2.85050075e-02,3.12500000e-06,745342
487,141.683811,40,0,1.15311489e-03,9.96744961e-04,,2.81632806e-02,3.12500000e-06,745342
488,137.787943,40,0,1.07622583e-03,9.21117665e-04,,2.67889982e-02,3.12500000e-06,745342
489,142.626800,40,0,1.01049854e-03,8.56180948e-04,,2.74395479e-02,3.12500000e-06,745342
490,143.176328,40,0,1.04363142e-03,8.88751473e-04,,2.72594447e-02,3.12500000e-06,745342
491,141.542054,40,0,9.88983011e-04,8.34540434e-04,,2.68750043e-02,3.12500000e-06,745342
492,139.283902,40,0,1.08287997e-03,9.26961512e-04,,2.79639485e-02,3.12500000e-06,745342
493,138.078357,40,0,1.06514959e-03,9.09643392e-04,,2.88370402e-02,3.12500000e-06,745342
494,142.923469,40,0,1.16359819e-03,1.00720394e-03,,2.81857198e-02,3.12500000e-06,745342
495,141.259985,40,0,1.05819682e-03,9.03498539e-04,,2.65741837e-02,3.12500000e-06,745342
496,141.262455,40,0,9.54739263e-04,8.01128253e-04,,2.58488294e-02,3.12500000e-06,745342
497,141.708790,40,0,9.59824987e-04,8.05934665e-04,,2.63103379e-02,3.12500000e-06,745342
498,143.962835,40,0,1.01998166e-03,8.64759675e-04,,2.81799725e-02,3.12500000e-06,745342
499,140.801467,40,0,1.17250149e-03,1.01548188e-03,,2.87657070e-02,1.56250000e-06,745342
