epoch,seconds,horizon,train_loss,train_pred_mse,val_full_rel_l2,test_full_rel_l2,lr,params
0,14.669960,1,3.46538339e-02,9.12897912e-04,2.87496537e+00,2.24270191e+00,5.00000000e-04,745342
1,12.643056,1,2.34715195e-03,4.55685670e-04,nan,nan,5.00000000e-04,745342
2,12.544074,1,7.02466406e-04,3.16337839e-04,nan,nan,5.00000000e-04,745342
3,12.102860,1,5.73533365e-04,2.30720843e-04,nan,nan,5.00000000e-04,745342
4,12.292463,1,5.12715552e-04,1.90976781e-04,nan,nan,5.00000000e-04,745342
5,12.136830,1,4.84533959e-04,1.76256607e-04,nan,nan,5.00000000e-04,745342
6,11.937667,1,4.68083072e-04,1.69419342e-04,nan,nan,5.00000000e-04,745342
7,12.152791,1,4.54693698e-04,1.64072850e-04,nan,nan,5.00000000e-04,745342
8,11.985663,1,4.45026148e-04,1.61477145e-04,nan,nan,5.00000000e-04,745342
9,12.031719,1,4.37040422e-04,1.60001353e-04,nan,nan,5.00000000e-04,745342
10,12.003489,1,4.29268510e-04,1.58536672e-04,nan,nan,5.00000000e-04,745342
11,12.112280,1,4.23494167e-04,1.58822375e-04,nan,nan,5.00000000e-04,745342
12,12.420576,1,4.17412697e-04,1.59064375e-04,nan,nan,5.00000000e-04,745342
13,12.172521,1,4.09060025e-04,1.56579668e-04,nan,nan,5.00000000e-04,745342
14,11.927683,1,4.02196823e-04,1.56343196e-04,nan,nan,5.00000000e-04,745342
15,12.498983,1,3.95833725e-04,1.56572548e-04,nan,nan,5.00000000e-04,745342
16,12.023363,1,3.90017696e-04,1.57468294e-04,nan,nan,5.00000000e-04,745342
17,11.921770,1,3.80759249e-04,1.55715348e-04,nan,nan,5.00000000e-04,745342
18,12.458270,1,3.74010155e-04,1.56147700e-04,nan,nan,5.00000000e-04,745342
19,12.295465,1,3.66771145e-04,1.56829976e-04,nan,nan,5.00000000e-04,745342
20,12.215675,1,3.58850971e-04,1.57029504e-04,nan,nan,5.00000000e-04,745342
21,12.163916,1,3.52166814e-04,1.57964860e-04,nan,nan,5.00000000e-04,745342
22,12.248487,1,3.43940535e-04,1.58352939e-04,nan,nan,5.00000000e-04,745342
23,12.155406,1,3.35569612e-04,1.58097953e-04,nan,nan,5.00000000e-04,745342
24,12.337736,1,3.29190441e-04,1.59610155e-04,nan,nan,5.00000000e-04,745342
25,12.320979,1,3.24331037e-04,1.62168675e-04,nan,nan,5.00000000e-04,745342
26,12.513795,1,3.14657570e-04,1.59631199e-04,nan,nan,5.00000000e-04,745342
27,12.380588,1,3.09027688e-04,1.60211026e-04,nan,nan,5.00000000e-04,745342
28,12.139292,1,3.10159643e-04,1.65910990e-04,nan,nan,5.00000000e-04,745342
29,12.139731,1,3.04963139e-04,1.65410967e-04,nan,nan,5.00000000e-04,745342
30,11.876777,1,2.95762284e-04,1.61163869e-04,nan,nan,5.00000000e-04,745342
31,12.064175,1,2.92594338e-04,1.61151149e-04,nan,nan,5.00000000e-04,745342
32,12.545766,1,2.91407701e-04,1.62213398e-04,nan,nan,5.00000000e-04,745342
33,12.713726,1,2.88407961e-04,1.61439103e-04,nan,nan,5.00000000e-04,745342
34,12.453456,1,2.86192151e-04,1.61032152e-04,nan,nan,5.00000000e-04,745342
35,12.271931,1,2.82941086e-04,1.60163740e-04,nan,nan,5.00000000e-04,745342
36,12.478512,1,2.84295544e-04,1.61605177e-04,nan,nan,5.00000000e-04,745342
37,12.218044,1,2.80848210e-04,1.60235159e-04,nan,nan,5.00000000e-04,745342
38,12.218816,1,2.80674352e-04,1.60796819e-04,nan,nan,5.00000000e-04,745342
39,12.141975,1,2.79098499e-04,1.60542839e-04,nan,nan,5.00000000e-04,745342
40,22.018892,5,6.03878427e-03,5.89670075e-03,nan,nan,5.00000000e-04,745342
41,21.457701,5,2.80714149e-03,2.70967698e-03,nan,nan,5.00000000e-04,745342
42,21.613500,5,2.59706276e-03,2.50032274e-03,nan,nan,5.00000000e-04,745342
43,21.341407,5,2.47175994e-03,2.37550727e-03,nan,nan,5.00000000e-04,745342
44,21.389811,5,2.35896845e-03,2.26181857e-03,inf,nan,5.00000000e-04,745342
45,21.639537,5,2.35395021e-03,2.25505837e-03,1.06379865e+00,1.06916730e+00,5.00000000e-04,745342
46,21.552807,5,2.26537759e-03,2.16582470e-03,1.65866028e+00,1.74970775e+00,5.00000000e-04,745342
47,21.616898,5,2.20024312e-03,2.09945589e-03,3.17129844e+02,3.72448777e+04,5.00000000e-04,745342
48,21.457265,5,2.16598788e-03,2.06374202e-03,1.58883687e+00,1.61826373e+00,5.00000000e-04,745342
49,21.488958,5,2.13682754e-03,2.03289168e-03,1.18873157e+00,1.19565278e+00,5.00000000e-04,745342
50,21.527710,5,2.10143568e-03,1.99563459e-03,1.07254666e+00,1.06950296e+00,5.00000000e-04,745342
51,21.791168,5,2.10081083e-03,1.99291537e-03,1.22562925e+00,1.21892254e+00,5.00000000e-04,745342
52,21.760676,5,2.02645328e-03,1.91790903e-03,1.04237997e+00,1.04081087e+00,5.00000000e-04,745342
53,21.730021,5,2.04815377e-03,1.93765924e-03,1.14582498e+00,1.14148929e+00,5.00000000e-04,745342
54,21.754922,5,1.96055126e-03,1.84855132e-03,1.19478203e+00,1.18836528e+00,5.00000000e-04,745342
55,21.852360,5,1.94785437e-03,1.83376830e-03,1.06996347e+00,1.06473020e+00,5.00000000e-04,745342
56,22.053280,5,1.95017476e-03,1.83446840e-03,1.07072274e+00,1.06097230e+00,5.00000000e-04,745342
57,21.274656,5,1.91822983e-03,1.80156900e-03,1.20277596e+00,1.19915311e+00,5.00000000e-04,745342
58,21.525891,5,1.93089948e-03,1.81267040e-03,1.38557776e+00,1.36769837e+00,5.00000000e-04,745342
59,21.771816,5,1.84755623e-03,1.72852535e-03,9.59913073e-01,9.54824772e-01,5.00000000e-04,745342
60,23.204780,5,1.80597134e-03,1.68443604e-03,1.04724682e+00,1.04318815e+00,5.00000000e-04,745342
61,24.795391,5,1.80236658e-03,1.67951432e-03,9.45948067e-01,9.41288323e-01,5.00000000e-04,745342
62,25.704063,5,1.83834875e-03,1.71399479e-03,1.08637354e+00,1.07912322e+00,5.00000000e-04,745342
63,41.109073,5,1.81724783e-03,1.69300432e-03,1.05054152e+00,1.04282544e+00,5.00000000e-04,745342
64,59.346343,5,1.77150187e-03,1.64654781e-03,1.16760198e+00,1.15174408e+00,5.00000000e-04,745342
65,25.410049,5,1.75776239e-03,1.63165632e-03,1.00439412e+00,1.00011453e+00,5.00000000e-04,745342
66,25.250533,5,1.75374776e-03,1.62597568e-03,1.08092917e+00,1.06726554e+00,5.00000000e-04,745342
67,24.996476,5,1.73978968e-03,1.61258552e-03,9.32004580e-01,9.27145867e-01,5.00000000e-04,745342
68,25.051098,5,1.75412979e-03,1.62553819e-03,9.43003545e-01,9.37709174e-01,5.00000000e-04,745342
69,25.990982,5,1.67655384e-03,1.54821652e-03,9.18277831e-01,9.14077878e-01,5.00000000e-04,745342
70,60.641047,5,1.73696941e-03,1.60771220e-03,1.03465114e+00,1.02930880e+00,5.00000000e-04,745342
71,82.875808,5,1.66445838e-03,1.53446459e-03,9.82050529e-01,9.77527781e-01,5.00000000e-04,745342
72,60.591404,5,1.69483328e-03,1.56370882e-03,1.02626278e+00,1.01853926e+00,5.00000000e-04,745342
73,55.868799,5,1.64910536e-03,1.51795055e-03,9.78364382e-01,9.71503301e-01,5.00000000e-04,745342
74,57.910008,5,1.65349000e-03,1.52183752e-03,9.34057922e-01,9.31528773e-01,5.00000000e-04,745342
75,63.891173,5,1.68046171e-03,1.54786346e-03,9.29597602e-01,9.27028637e-01,5.00000000e-04,745342
76,59.100007,5,1.64250194e-03,1.50988846e-03,8.52030630e-01,8.50063009e-01,5.00000000e-04,745342
77,57.099638,5,1.62494710e-03,1.49200128e-03,1.03071067e+00,1.01792084e+00,5.00000000e-04,745342
78,62.958940,5,1.64659572e-03,1.51312640e-03,8.93848534e-01,8.87994823e-01,5.00000000e-04,745342
79,59.895790,5,1.62537116e-03,1.49230697e-03,9.90621333e-01,9.75538955e-01,5.00000000e-04,745342
80,67.238708,10,1.11725268e-02,1.09885244e-02,6.86474967e-01,6.84225290e-01,5.00000000e-04,745342
81,70.193450,10,4.34827801e-03,4.21156351e-03,6.87703924e-01,6.86126950e-01,5.00000000e-04,745342
82,63.178294,10,4.34994214e-03,4.21841833e-03,6.77592528e-01,6.77692547e-01,5.00000000e-04,745342
83,70.462924,10,3.90444467e-03,3.77858123e-03,6.59670103e-01,6.59688148e-01,5.00000000e-04,745342
84,70.926364,10,3.85847274e-03,3.73297668e-03,6.33301613e-01,6.33736069e-01,5.00000000e-04,745342
85,60.960411,10,3.83618738e-03,3.71257748e-03,6.50739114e-01,6.49895670e-01,5.00000000e-04,745342
86,58.060743,10,3.78638206e-03,3.66013957e-03,5.90016329e-01,5.89251506e-01,5.00000000e-04,745342
87,57.922343,10,3.74548614e-03,3.62086668e-03,6.68356414e-01,6.68961258e-01,5.00000000e-04,745342
88,61.676432,10,3.73869014e-03,3.61394811e-03,6.37195687e-01,6.36935463e-01,5.00000000e-04,745342
89,58.281773,10,3.71497778e-03,3.59081112e-03,6.26585753e-01,6.26609154e-01,5.00000000e-04,745342
90,53.759821,10,3.69600679e-03,3.56799323e-03,6.34746788e-01,6.34986088e-01,5.00000000e-04,745342
91,59.629523,10,3.64150522e-03,3.51335704e-03,6.00323079e-01,6.01460998e-01,5.00000000e-04,745342
92,57.682880,10,3.60918175e-03,3.48352203e-03,6.32511897e-01,6.33304224e-01,5.00000000e-04,745342
93,53.649939,10,3.61576319e-03,3.49121982e-03,6.09675641e-01,6.10378475e-01,5.00000000e-04,745342
94,58.542411,10,3.46903274e-03,3.34416110e-03,5.86007349e-01,5.86986420e-01,5.00000000e-04,745342
95,56.254906,10,3.68829382e-03,3.56417513e-03,6.04477677e-01,6.04711537e-01,5.00000000e-04,745342
96,56.973788,10,3.52076108e-03,3.39818012e-03,6.11252878e-01,6.12040703e-01,5.00000000e-04,745342
97,53.510328,10,3.49224058e-03,3.36536590e-03,6.10426676e-01,6.11285644e-01,5.00000000e-04,745342
98,53.118154,10,3.58355861e-03,3.45920540e-03,6.16777799e-01,6.18037655e-01,5.00000000e-04,745342
99,55.797347,10,3.40954137e-03,3.28468432e-03,5.86504202e-01,5.87115901e-01,2.50000000e-04,745342
100,55.925080,10,3.31962245e-03,3.19701120e-03,6.11640060e-01,6.12595131e-01,2.50000000e-04,745342
101,52.475566,10,3.29958221e-03,3.17609664e-03,6.15131514e-01,6.15969238e-01,2.50000000e-04,745342
102,53.959028,10,3.30850046e-03,3.18500505e-03,6.23860445e-01,6.25008221e-01,2.50000000e-04,745342
103,53.241500,10,3.27597779e-03,3.15182042e-03,6.18467445e-01,6.20151544e-01,2.50000000e-04,745342
104,54.932865,10,3.37736331e-03,3.25276649e-03,6.08769679e-01,6.10177329e-01,2.50000000e-04,745342
105,52.074448,10,3.25882037e-03,3.13441508e-03,5.89732132e-01,5.90898478e-01,2.50000000e-04,745342
106,53.481426,10,3.32771658e-03,3.20052989e-03,6.05478599e-01,6.06884973e-01,2.50000000e-04,745342
107,46.131602,10,3.32283982e-03,3.19744876e-03,5.88262069e-01,5.89315536e-01,2.50000000e-04,745342
108,48.240341,10,3.30803071e-03,3.18203708e-03,6.12826636e-01,6.14255986e-01,2.50000000e-04,745342
109,47.432061,10,3.27970649e-03,3.15408380e-03,6.22195008e-01,6.23716733e-01,2.50000000e-04,745342
110,45.170823,10,3.25999295e-03,3.13370176e-03,6.01811130e-01,6.03704164e-01,2.50000000e-04,745342
111,45.990317,10,3.30086149e-03,3.17432764e-03,6.14927888e-01,6.16506040e-01,2.50000000e-04,745342
112,46.064682,10,3.29415100e-03,3.16729756e-03,6.05429714e-01,6.07011087e-01,2.50000000e-04,745342
113,46.591561,10,3.29144146e-03,3.16476759e-03,6.04206831e-01,6.05908723e-01,2.50000000e-04,745342
114,45.108034,10,3.30200196e-03,3.17534020e-03,6.05515358e-01,6.06839883e-01,2.50000000e-04,745342
115,45.813757,10,3.23803809e-03,3.11187125e-03,6.10086279e-01,6.12044797e-01,2.50000000e-04,745342
116,47.189694,10,3.22194723e-03,3.09513414e-03,6.04810340e-01,6.06625750e-01,2.50000000e-04,745342
117,46.872351,10,3.34314561e-03,3.21520546e-03,5.91630991e-01,5.93164494e-01,2.50000000e-04,745342
118,46.540979,10,3.24547453e-03,3.11866283e-03,5.87107368e-01,5.88379581e-01,2.50000000e-04,745342
119,43.103427,10,3.24081371e-03,3.11291706e-03,6.07234752e-01,6.08386569e-01,2.50000000e-04,745342
120,126.176589,40,9.79044057e-02,9.65784786e-02,2.38836876e-01,2.38823043e-01,2.50000000e-04,745342
121,125.768132,40,5.45849005e-02,5.37192250e-02,2.35902950e-01,2.37307527e-01,2.50000000e-04,745342
122,126.513875,40,4.90999918e-02,4.83051596e-02,2.34061232e-01,2.34935952e-01,2.50000000e-04,745342
123,137.091205,40,4.63893570e-02,4.55932077e-02,2.07649226e-01,2.08620607e-01,2.50000000e-04,745342
124,127.703837,40,4.50905163e-02,4.42921573e-02,2.09348609e-01,2.10153987e-01,2.50000000e-04,745342
125,128.579806,40,4.28869701e-02,4.21171950e-02,2.03021981e-01,2.04147395e-01,2.50000000e-04,745342
126,125.047723,40,4.19647136e-02,4.12073356e-02,2.03007385e-01,2.03722394e-01,2.50000000e-04,745342
127,122.097336,40,4.08153192e-02,4.00480393e-02,1.97279514e-01,1.97595093e-01,2.50000000e-04,745342
128,122.254872,40,3.87682787e-02,3.79615081e-02,1.95726766e-01,1.96485608e-01,2.50000000e-04,745342
129,122.121053,40,3.75019669e-02,3.66553150e-02,2.01424849e-01,2.02269445e-01,2.50000000e-04,745342
130,119.558969,40,3.70604172e-02,3.62061774e-02,1.91182555e-01,1.91637929e-01,2.50000000e-04,745342
131,117.831071,40,3.66309443e-02,3.57628679e-02,1.88525378e-01,1.89737325e-01,2.50000000e-04,745342
132,119.909161,40,3.57914274e-02,3.49172950e-02,1.87102541e-01,1.87334645e-01,2.50000000e-04,745342
133,115.465450,40,3.51042590e-02,3.42298085e-02,1.86353968e-01,1.86921582e-01,2.50000000e-04,745342
134,109.880949,40,3.55549882e-02,3.46801502e-02,1.87354403e-01,1.88017917e-01,2.50000000e-04,745342
135,110.043441,40,3.50956594e-02,3.42207076e-02,1.85656410e-01,1.86375614e-01,2.50000000e-04,745342
136,110.550002,40,3.43051457e-02,3.34238626e-02,1.82465522e-01,1.82822691e-01,2.50000000e-04,745342
137,111.196276,40,3.33279801e-02,3.24330619e-02,1.84475251e-01,1.85248075e-01,2.50000000e-04,745342
138,109.182146,40,3.34436606e-02,3.25457879e-02,1.80083776e-01,1.80818262e-01,2.50000000e-04,745342
139,110.578068,40,3.36523465e-02,3.27542347e-02,1.85929324e-01,1.85923465e-01,2.50000000e-04,745342
140,109.425339,40,3.30648992e-02,3.21659849e-02,1.84016312e-01,1.83911915e-01,2.50000000e-04,745342
141,108.785698,40,3.26042888e-02,3.16998013e-02,1.78751687e-01,1.79161776e-01,2.50000000e-04,745342
142,111.445428,40,3.18902728e-02,3.09834974e-02,1.84428132e-01,1.84162012e-01,2.50000000e-04,745342
143,110.603014,40,3.23893602e-02,3.14791801e-02,1.82532402e-01,1.83134213e-01,2.50000000e-04,745342
144,109.405541,40,3.19241770e-02,3.10148668e-02,1.76583396e-01,1.76467649e-01,2.50000000e-04,745342
145,111.561925,40,3.11420250e-02,3.02315273e-02,1.75363355e-01,1.75551715e-01,2.50000000e-04,745342
146,111.576785,40,3.04484198e-02,2.95297772e-02,1.76169506e-01,1.76002043e-01,2.50000000e-04,745342
147,111.770588,40,3.06548881e-02,2.97317011e-02,1.75456201e-01,1.75816094e-01,2.50000000e-04,745342
148,109.167222,40,3.03419179e-02,2.94197176e-02,1.73527805e-01,1.74016107e-01,2.50000000e-04,745342
149,110.391927,40,3.04544931e-02,2.95239917e-02,1.75908938e-01,1.76362404e-01,2.50000000e-04,745342
150,110.937562,40,2.99195531e-02,2.89938561e-02,1.74745707e-01,1.75157059e-01,2.50000000e-04,745342
151,109.068632,40,2.94590436e-02,2.85300064e-02,1.77229484e-01,1.77986247e-01,2.50000000e-04,745342
152,108.418442,40,2.93136853e-02,2.83781941e-02,1.72052929e-01,1.72057707e-01,2.50000000e-04,745342
153,106.437464,40,2.93995577e-02,2.84670369e-02,1.69117919e-01,1.68926258e-01,2.50000000e-04,745342
154,109.478956,40,2.87857899e-02,2.78477653e-02,1.71164514e-01,1.70645663e-01,2.50000000e-04,745342
155,109.856839,40,2.92647683e-02,2.83266144e-02,1.71713856e-01,1.70993625e-01,2.50000000e-04,745342
156,109.696827,40,2.90590462e-02,2.81238325e-02,1.67518967e-01,1.67499247e-01,2.50000000e-04,745342
157,110.093643,40,2.83867604e-02,2.74494907e-02,1.69976795e-01,1.70150185e-01,2.50000000e-04,745342
158,110.484780,40,2.85924564e-02,2.76545830e-02,1.67946466e-01,1.68579744e-01,2.50000000e-04,745342
159,111.023726,40,2.80373010e-02,2.70984003e-02,1.69990102e-01,1.69385771e-01,2.50000000e-04,745342
160,109.256979,40,2.79102406e-02,2.69688469e-02,1.67281646e-01,1.66550178e-01,2.50000000e-04,745342
161,111.088473,40,2.78458897e-02,2.68988090e-02,1.87973498e-01,1.89387092e-01,2.50000000e-04,745342
162,110.540523,40,2.84381178e-02,2.75045905e-02,1.65725580e-01,1.65458835e-01,2.50000000e-04,745342
163,109.105262,40,2.80583984e-02,2.71182344e-02,1.64615305e-01,1.64721572e-01,2.50000000e-04,745342
164,110.775358,40,2.75831070e-02,2.66452608e-02,1.65735642e-01,1.65739164e-01,2.50000000e-04,745342
165,108.368243,40,2.73186762e-02,2.63710767e-02,1.67631374e-01,1.66799491e-01,2.50000000e-04,745342
166,111.480501,40,2.71102794e-02,2.61692975e-02,1.64614320e-01,1.64091908e-01,2.50000000e-04,745342
167,111.215308,40,2.68337963e-02,2.58872586e-02,1.62979688e-01,1.62690970e-01,2.50000000e-04,745342
168,108.626206,40,2.65590488e-02,2.56088721e-02,1.62486569e-01,1.62505031e-01,2.50000000e-04,745342
169,107.057913,40,2.65002815e-02,2.55479033e-02,1.61835680e-01,1.61913406e-01,2.50000000e-04,745342
170,110.695274,40,2.61802806e-02,2.52264514e-02,1.63403577e-01,1.63866674e-01,2.50000000e-04,745342
171,111.216478,40,2.61295150e-02,2.51720625e-02,1.61377578e-01,1.60851216e-01,2.50000000e-04,745342
172,110.849252,40,2.58088347e-02,2.48518068e-02,1.60977626e-01,1.60356932e-01,2.50000000e-04,745342
173,111.408994,40,2.58705631e-02,2.49079126e-02,1.60513698e-01,1.59842840e-01,2.50000000e-04,745342
174,111.957638,40,2.56427031e-02,2.46799737e-02,1.60193061e-01,1.59536365e-01,2.50000000e-04,745342
175,111.141081,40,2.56580249e-02,2.46919182e-02,1.57793959e-01,1.57594141e-01,2.50000000e-04,745342
176,109.466750,40,2.52285293e-02,2.42620231e-02,1.57463078e-01,1.57236124e-01,2.50000000e-04,745342
177,110.726456,40,2.55623319e-02,2.45919184e-02,1.58227259e-01,1.58350797e-01,2.50000000e-04,745342
178,109.085483,40,2.50070664e-02,2.40333762e-02,1.57228225e-01,1.56862946e-01,2.50000000e-04,745342
179,109.616652,40,2.54405463e-02,2.44606811e-02,1.58757271e-01,1.58169068e-01,2.50000000e-04,745342
180,109.852316,40,2.49418532e-02,2.39692982e-02,1.56193452e-01,1.55839766e-01,2.50000000e-04,745342
181,109.722982,40,2.45882190e-02,2.36091587e-02,1.64500437e-01,1.64007649e-01,2.50000000e-04,745342
182,110.444372,40,2.45113638e-02,2.35303610e-02,1.57122981e-01,1.56488566e-01,2.50000000e-04,745342
183,110.280793,40,2.45412947e-02,2.35529992e-02,1.58724664e-01,1.57928429e-01,2.50000000e-04,745342
184,110.733870,40,2.45504133e-02,2.35595540e-02,1.54450616e-01,1.53781113e-01,2.50000000e-04,745342
185,109.259526,40,2.40856047e-02,2.30982843e-02,1.53155010e-01,1.52965117e-01,2.50000000e-04,745342
186,110.618852,40,2.40921936e-02,2.30982857e-02,1.54458479e-01,1.54177364e-01,2.50000000e-04,745342
187,110.963033,40,2.44078691e-02,2.34112331e-02,1.53857399e-01,1.53148991e-01,2.50000000e-04,745342
188,108.156901,40,2.37400891e-02,2.27432637e-02,1.53313895e-01,1.53042395e-01,2.50000000e-04,745342
189,109.861425,40,2.35458384e-02,2.25432551e-02,1.53321047e-01,1.53006973e-01,2.50000000e-04,745342
190,107.200901,40,2.34074494e-02,2.24093747e-02,1.51051449e-01,1.50686452e-01,2.50000000e-04,745342
191,108.423257,40,2.32753310e-02,2.22645843e-02,1.51117303e-01,1.50800669e-01,2.50000000e-04,745342
192,110.547390,40,2.34253616e-02,2.24219920e-02,1.55260775e-01,1.54648760e-01,2.50000000e-04,745342
193,109.965690,40,2.32364874e-02,2.22321364e-02,1.52758356e-01,1.52620684e-01,2.50000000e-04,745342
194,110.182446,40,2.30929549e-02,2.20814776e-02,1.50595269e-01,1.50274905e-01,2.50000000e-04,745342
195,110.167206,40,2.27721325e-02,2.17555129e-02,1.49687795e-01,1.49495481e-01,2.50000000e-04,745342
196,110.771991,40,2.24802569e-02,2.14614052e-02,1.49167709e-01,1.49188809e-01,2.50000000e-04,745342
197,110.306742,40,2.24029474e-02,2.13790940e-02,1.51057227e-01,1.50374404e-01,2.50000000e-04,745342
198,109.040334,40,2.25424256e-02,2.15125974e-02,1.50523167e-01,1.50530657e-01,2.50000000e-04,745342
199,109.338808,40,2.23819941e-02,2.13540321e-02,1.48254337e-01,1.47858899e-01,1.25000000e-04,745342
200,110.037827,40,2.16896207e-02,2.06609968e-02,1.48540672e-01,1.47940684e-01,1.25000000e-04,745342
201,107.732816,40,2.17980180e-02,2.07651671e-02,1.47138626e-01,1.47201313e-01,1.25000000e-04,745342
202,107.116887,40,2.17087960e-02,2.06753773e-02,1.46669120e-01,1.46306114e-01,1.25000000e-04,745342
203,107.621070,40,2.16067250e-02,2.05702785e-02,1.46201385e-01,1.45930730e-01,1.25000000e-04,745342
204,108.785402,40,2.16023048e-02,2.05659223e-02,1.46186681e-01,1.46324458e-01,1.25000000e-04,745342
205,108.106794,40,2.15511945e-02,2.05038736e-02,1.46162069e-01,1.46074862e-01,1.25000000e-04,745342
206,110.444452,40,2.16050044e-02,2.05626335e-02,1.45461445e-01,1.45284358e-01,1.25000000e-04,745342
207,111.065691,40,2.13154437e-02,2.02680760e-02,1.47318132e-01,1.47061021e-01,1.25000000e-04,745342
208,111.043091,40,2.13481455e-02,2.02971346e-02,1.45322751e-01,1.45218006e-01,1.25000000e-04,745342
209,111.118836,40,2.11899503e-02,2.01348537e-02,1.46064757e-01,1.45832818e-01,1.25000000e-04,745342
210,107.635388,40,2.11426427e-02,2.00903949e-02,1.44651858e-01,1.44244215e-01,1.25000000e-04,745342
211,110.361679,40,2.10766584e-02,2.00219117e-02,1.45628130e-01,1.45295087e-01,1.25000000e-04,745342
212,109.292043,40,2.11210216e-02,2.00622423e-02,1.45196993e-01,1.45391669e-01,1.25000000e-04,745342
213,110.517527,40,2.11163066e-02,2.00585940e-02,1.44256043e-01,1.43907366e-01,1.25000000e-04,745342
214,108.574614,40,2.08716452e-02,1.98120218e-02,1.46406205e-01,1.45919991e-01,1.25000000e-04,745342
215,109.750771,40,2.11777235e-02,2.01150824e-02,1.44439154e-01,1.43940046e-01,1.25000000e-04,745342
216,110.868335,40,2.09647973e-02,1.99000440e-02,1.43978775e-01,1.43579404e-01,1.25000000e-04,745342
217,110.748762,40,2.06921150e-02,1.96255168e-02,1.43160676e-01,1.42976822e-01,1.25000000e-04,745342
218,110.320715,40,2.07065139e-02,1.96380390e-02,1.44188747e-01,1.43906093e-01,1.25000000e-04,745342
219,110.420981,40,2.06163662e-02,1.95438014e-02,1.43849737e-01,1.43534290e-01,1.25000000e-04,745342
220,108.564028,40,2.07192066e-02,1.96478544e-02,1.42368631e-01,1.42272985e-01,1.25000000e-04,745342
221,111.525116,40,2.04989054e-02,1.94230398e-02,1.42262438e-01,1.42096332e-01,1.25000000e-04,745342
222,111.419521,40,2.10287482e-02,1.99530929e-02,1.45998194e-01,1.46056385e-01,1.25000000e-04,745342
223,110.396948,40,2.04274062e-02,1.93475891e-02,1.43112252e-01,1.42799323e-01,1.25000000e-04,745342
224,111.273193,40,2.03748156e-02,1.92930432e-02,1.41756605e-01,1.41849061e-01,1.25000000e-04,745342
225,109.607209,40,2.03395241e-02,1.92586536e-02,1.41469442e-01,1.41402403e-01,1.25000000e-04,745342
226,109.811476,40,2.05498077e-02,1.94611223e-02,1.46283380e-01,1.46748731e-01,1.25000000e-04,745342
227,108.132843,40,2.02117340e-02,1.91249903e-02,1.41738009e-01,1.41937994e-01,1.25000000e-04,745342
228,108.714764,40,2.00978723e-02,1.90079818e-02,1.43232102e-01,1.43233483e-01,1.25000000e-04,745342
229,111.009175,40,2.02338524e-02,1.91409569e-02,1.40790172e-01,1.40753474e-01,1.25000000e-04,745342
230,110.177697,40,2.00178965e-02,1.89219787e-02,1.41721141e-01,1.41534366e-01,1.25000000e-04,745342
231,111.353618,40,1.99776514e-02,1.88835336e-02,1.41190624e-01,1.41325330e-01,1.25000000e-04,745342
232,110.773122,40,1.98627227e-02,1.87655662e-02,1.40703697e-01,1.40827618e-01,1.25000000e-04,745342
233,110.596157,40,1.97375387e-02,1.86360679e-02,1.41247444e-01,1.41553158e-01,1.25000000e-04,745342
234,110.405945,40,1.98917914e-02,1.87931327e-02,1.39810435e-01,1.39581992e-01,1.25000000e-04,745342
235,111.347905,40,1.98707938e-02,1.87663868e-02,1.40096507e-01,1.40084381e-01,1.25000000e-04,745342
236,110.810481,40,1.98486323e-02,1.87426005e-02,1.40497254e-01,1.40760670e-01,1.25000000e-04,745342
237,109.254749,40,1.95986518e-02,1.84962220e-02,1.39698868e-01,1.39946708e-01,1.25000000e-04,745342
238,110.854385,40,1.96503197e-02,1.85447498e-02,1.39217687e-01,1.38965989e-01,1.25000000e-04,745342
239,111.205784,40,1.95418518e-02,1.84313102e-02,1.38844351e-01,1.38801522e-01,1.25000000e-04,745342
240,108.389961,40,1.96664101e-02,1.85560545e-02,1.39242873e-01,1.39010175e-01,1.25000000e-04,745342
241,108.435123,40,1.95481481e-02,1.84339545e-02,1.39722188e-01,1.39889169e-01,1.25000000e-04,745342
242,111.196376,40,1.97147163e-02,1.86001728e-02,1.41760325e-01,1.41585256e-01,1.25000000e-04,745342
243,110.819432,40,1.96684547e-02,1.85504978e-02,1.41463556e-01,1.41451117e-01,1.25000000e-04,745342
244,111.078069,40,1.94453077e-02,1.83304527e-02,1.39967873e-01,1.39687737e-01,1.25000000e-04,745342
245,108.048247,40,1.95028311e-02,1.83851244e-02,1.38690950e-01,1.38939410e-01,1.25000000e-04,745342
246,109.294497,40,1.92179755e-02,1.80991856e-02,1.40414962e-01,1.40207862e-01,1.25000000e-04,745342
247,108.252706,40,1.93566325e-02,1.82354720e-02,1.37929486e-01,1.37666547e-01,1.25000000e-04,745342
248,109.300364,40,1.93949211e-02,1.82737234e-02,1.37768052e-01,1.37632890e-01,1.25000000e-04,745342
249,110.488624,40,1.91938370e-02,1.80694350e-02,1.37069221e-01,1.36937348e-01,1.25000000e-04,745342
250,111.165048,40,1.90418058e-02,1.79151005e-02,1.39065250e-01,1.38817092e-01,1.25000000e-04,745342
251,110.959787,40,1.91015506e-02,1.79763692e-02,1.36833595e-01,1.36679333e-01,1.25000000e-04,745342
252,109.934004,40,1.90870919e-02,1.79600549e-02,1.36373334e-01,1.36398055e-01,1.25000000e-04,745342
253,111.217139,40,1.89800301e-02,1.78496949e-02,1.37796568e-01,1.37779359e-01,1.25000000e-04,745342
254,110.560641,40,1.90148108e-02,1.78845961e-02,1.37276350e-01,1.37076778e-01,1.25000000e-04,745342
255,109.022346,40,1.88912894e-02,1.77605595e-02,1.37195861e-01,1.37599294e-01,1.25000000e-04,745342
256,111.391432,40,1.89227470e-02,1.77830724e-02,1.37099845e-01,1.37014967e-01,1.25000000e-04,745342
257,110.477723,40,1.88772521e-02,1.77448323e-02,1.36763518e-01,1.36844929e-01,1.25000000e-04,745342
258,110.932009,40,1.87037612e-02,1.75683370e-02,1.36759428e-01,1.36514288e-01,1.25000000e-04,745342
259,109.735280,40,1.87020177e-02,1.75670211e-02,1.35201568e-01,1.35271922e-01,1.25000000e-04,745342
260,111.094333,40,1.85975919e-02,1.74565591e-02,1.36490256e-01,1.36283221e-01,1.25000000e-04,745342
261,112.290530,40,1.85183677e-02,1.73795806e-02,1.35645565e-01,1.36056229e-01,1.25000000e-04,745342
262,109.368009,40,1.88024903e-02,1.76647845e-02,1.36920524e-01,1.37492653e-01,1.25000000e-04,745342
263,107.619241,40,1.85408939e-02,1.73998782e-02,1.36663922e-01,1.36756250e-01,1.25000000e-04,745342
264,107.618231,40,1.85027191e-02,1.73613907e-02,1.34389949e-01,1.34379988e-01,1.25000000e-04,745342
265,110.409835,40,1.84056466e-02,1.72612047e-02,1.35351405e-01,1.34975003e-01,1.25000000e-04,745342
266,110.067443,40,1.84178320e-02,1.72758593e-02,1.34853529e-01,1.34729714e-01,1.25000000e-04,745342
267,109.620592,40,1.83358567e-02,1.71893961e-02,1.34669281e-01,1.34753292e-01,1.25000000e-04,745342
268,109.323457,40,1.82466281e-02,1.71023764e-02,1.34091550e-01,1.33933131e-01,1.25000000e-04,745342
269,108.560691,40,1.82484152e-02,1.71021400e-02,1.35223058e-01,1.34990569e-01,1.25000000e-04,745342
270,109.231430,40,1.85369122e-02,1.73918333e-02,1.33487834e-01,1.33659901e-01,1.25000000e-04,745342
271,110.463221,40,1.83250556e-02,1.71756966e-02,1.34027154e-01,1.34262422e-01,1.25000000e-04,745342
272,111.699830,40,1.83490375e-02,1.72035805e-02,1.36674705e-01,1.36458882e-01,1.25000000e-04,745342
273,109.462520,40,1.81231845e-02,1.69739414e-02,1.33741294e-01,1.33871666e-01,1.25000000e-04,745342
274,110.641175,40,1.79698419e-02,1.68228551e-02,1.33307030e-01,1.33363771e-01,1.25000000e-04,745342
275,110.681023,40,1.81188737e-02,1.69688343e-02,1.32604743e-01,1.32604171e-01,1.25000000e-04,745342
276,109.325777,40,1.82019136e-02,1.70517122e-02,1.32840860e-01,1.32880087e-01,1.25000000e-04,745342
277,108.202502,40,1.80904034e-02,1.69331999e-02,1.35481080e-01,1.35341938e-01,1.25000000e-04,745342
278,109.563250,40,1.82133469e-02,1.70652239e-02,1.32565316e-01,1.32392582e-01,1.25000000e-04,745342
279,110.016287,40,1.79260072e-02,1.67733093e-02,1.33387343e-01,1.33693036e-01,1.25000000e-04,745342
280,119.423059,40,1.79926763e-02,1.68413141e-02,1.33443263e-01,1.33150722e-01,1.25000000e-04,745342
281,112.501266,40,1.78468632e-02,1.67016035e-02,1.36297395e-01,1.35857401e-01,1.25000000e-04,745342
282,112.156869,40,1.80775381e-02,1.69282737e-02,1.31609422e-01,1.31692861e-01,1.25000000e-04,745342
283,111.005758,40,1.78592541e-02,1.67066483e-02,1.32799246e-01,1.32365608e-01,1.25000000e-04,745342
284,110.700880,40,1.78804326e-02,1.67336349e-02,1.32079791e-01,1.32247412e-01,1.25000000e-04,745342
285,108.372765,40,1.75974835e-02,1.64491046e-02,1.31713787e-01,1.31682003e-01,1.25000000e-04,745342
286,110.760247,40,1.75522167e-02,1.64063049e-02,1.32598529e-01,1.32430169e-01,1.25000000e-04,745342
287,109.187523,40,1.76298649e-02,1.64849203e-02,1.32376547e-01,1.32549461e-01,1.25000000e-04,745342
288,109.716038,40,1.75993075e-02,1.64599839e-02,1.35774397e-01,1.35767659e-01,1.25000000e-04,745342
289,108.257712,40,1.74879302e-02,1.63463991e-02,1.30666350e-01,1.30893550e-01,1.25000000e-04,745342
290,108.602162,40,1.75073005e-02,1.63674094e-02,1.31173263e-01,1.31067464e-01,1.25000000e-04,745342
291,110.690304,40,1.74561410e-02,1.63146960e-02,1.30264982e-01,1.30278765e-01,1.25000000e-04,745342
292,110.734998,40,1.74457475e-02,1.63041144e-02,1.33825101e-01,1.33673179e-01,1.25000000e-04,745342
293,109.192168,40,1.73510627e-02,1.62156892e-02,1.29794964e-01,1.29662502e-01,1.25000000e-04,745342
294,110.950001,40,1.72563136e-02,1.61239698e-02,1.31191798e-01,1.31416638e-01,1.25000000e-04,745342
295,108.853281,40,1.72163798e-02,1.60843495e-02,1.30665323e-01,1.30442969e-01,1.25000000e-04,745342
296,109.348575,40,1.76215111e-02,1.64923108e-02,1.29657015e-01,1.29913135e-01,1.25000000e-04,745342
297,107.955042,40,1.70901710e-02,1.59609924e-02,1.29505774e-01,1.29486731e-01,1.25000000e-04,745342
298,107.704250,40,1.71780057e-02,1.60516394e-02,1.31344847e-01,1.31301486e-01,1.25000000e-04,745342
299,108.819153,40,1.70317299e-02,1.59117104e-02,1.29768591e-01,1.29552215e-01,6.25000000e-05,745342
300,109.950832,40,1.68070312e-02,1.56890558e-02,1.28501821e-01,1.28598101e-01,6.25000000e-05,745342
301,111.762480,40,1.67486143e-02,1.56330626e-02,1.28388991e-01,1.28452634e-01,6.25000000e-05,745342
302,109.163299,40,1.67306839e-02,1.56185926e-02,1.29532172e-01,1.29414763e-01,6.25000000e-05,745342
303,110.882378,40,1.66624348e-02,1.55518021e-02,1.28222392e-01,1.28253654e-01,6.25000000e-05,745342
304,110.091317,40,1.66118351e-02,1.55044601e-02,1.27807428e-01,1.27927603e-01,6.25000000e-05,745342
305,110.535672,40,1.66527472e-02,1.55464926e-02,1.27905535e-01,1.27990766e-01,6.25000000e-05,745342
306,107.722983,40,1.65450665e-02,1.54428808e-02,1.28947368e-01,1.29081302e-01,6.25000000e-05,745342
307,110.430366,40,1.65383050e-02,1.54402725e-02,1.27810576e-01,1.27694167e-01,6.25000000e-05,745342
308,110.888942,40,1.65190462e-02,1.54227562e-02,1.27667693e-01,1.27757127e-01,6.25000000e-05,745342
309,110.466117,40,1.64717975e-02,1.53822033e-02,1.27024600e-01,1.27216603e-01,6.25000000e-05,745342
310,111.053855,40,1.64648292e-02,1.53767514e-02,1.27816137e-01,1.27625248e-01,6.25000000e-05,745342
311,109.866417,40,1.64235811e-02,1.53389395e-02,1.26852459e-01,1.26974919e-01,6.25000000e-05,745342
312,105.761427,40,1.63521363e-02,1.52732350e-02,1.29401289e-01,1.29234208e-01,6.25000000e-05,745342
313,114.360660,40,1.63621128e-02,1.52906002e-02,1.27093301e-01,1.26976020e-01,6.25000000e-05,745342
314,112.560941,40,1.63318739e-02,1.52619488e-02,1.27115197e-01,1.26983315e-01,6.25000000e-05,745342
315,108.080245,40,1.63357200e-02,1.52726270e-02,1.26479442e-01,1.26527714e-01,6.25000000e-05,745342
316,107.719200,40,1.63254533e-02,1.52644553e-02,1.27299021e-01,1.27141005e-01,6.25000000e-05,745342
317,107.353908,40,1.62998999e-02,1.52448413e-02,1.26604118e-01,1.26566951e-01,6.25000000e-05,745342
318,107.460642,40,1.61679581e-02,1.51190732e-02,1.26632125e-01,1.26528232e-01,6.25000000e-05,745342
319,108.514306,40,1.61234821e-02,1.50783618e-02,1.26307063e-01,1.26338936e-01,6.25000000e-05,745342
320,104.088376,40,1.61469555e-02,1.51127942e-02,1.25865333e-01,1.25905309e-01,6.25000000e-05,745342
321,103.941457,40,1.60998279e-02,1.50731134e-02,1.26421593e-01,1.26522567e-01,6.25000000e-05,745342
322,105.388122,40,1.60042836e-02,1.49806935e-02,1.25388240e-01,1.25513151e-01,6.25000000e-05,745342
323,105.879317,40,1.59453416e-02,1.49335513e-02,1.26833251e-01,1.26803381e-01,6.25000000e-05,745342
324,108.293942,40,1.58988636e-02,1.48963729e-02,1.25247621e-01,1.25337942e-01,6.25000000e-05,745342
325,106.617514,40,1.58519411e-02,1.48602633e-02,1.26123825e-01,1.26054012e-01,6.25000000e-05,745342
326,104.784264,40,1.58590368e-02,1.48769475e-02,1.25305254e-01,1.25361845e-01,6.25000000e-05,745342
327,106.726766,40,1.58913946e-02,1.49210016e-02,1.28548980e-01,1.28967363e-01,6.25000000e-05,745342
328,108.104899,40,1.57703722e-02,1.48085223e-02,1.25323665e-01,1.25469560e-01,6.25000000e-05,745342
329,107.788226,40,1.58269620e-02,1.48793068e-02,1.25887237e-01,1.26107354e-01,6.25000000e-05,745342
330,107.746681,40,1.57446007e-02,1.48071468e-02,1.25093989e-01,1.25108302e-01,6.25000000e-05,745342
331,108.575713,40,1.56219482e-02,1.46972354e-02,1.24319245e-01,1.24374265e-01,6.25000000e-05,745342
332,106.917332,40,1.56464630e-02,1.47361716e-02,1.24553902e-01,1.24592813e-01,6.25000000e-05,745342
333,107.320231,40,1.55255585e-02,1.46313033e-02,1.24152586e-01,1.24093368e-01,6.25000000e-05,745342
334,104.097268,40,1.55584564e-02,1.46786646e-02,1.23877104e-01,1.23966950e-01,6.25000000e-05,745342
335,107.779511,40,1.54519134e-02,1.45870863e-02,1.24357567e-01,1.24374865e-01,6.25000000e-05,745342
336,107.810937,40,1.55232231e-02,1.46716106e-02,1.23497128e-01,1.23645899e-01,6.25000000e-05,745342
337,104.344460,40,1.52785635e-02,1.44458299e-02,1.25873088e-01,1.25871391e-01,6.25000000e-05,745342
338,107.021301,40,1.52610067e-02,1.44452204e-02,1.23515780e-01,1.23547130e-01,6.25000000e-05,745342
339,107.930562,40,1.53103253e-02,1.45100653e-02,1.23175175e-01,1.23157348e-01,6.25000000e-05,745342
340,108.433298,40,1.51630313e-02,1.43803448e-02,1.24232953e-01,1.24422562e-01,6.25000000e-05,745342
341,105.988944,40,1.51876216e-02,1.44181492e-02,1.23143954e-01,1.23365453e-01,6.25000000e-05,745342
342,104.695062,40,1.50112697e-02,1.42604352e-02,1.23390879e-01,1.23514605e-01,6.25000000e-05,745342
343,104.251579,40,1.50560822e-02,1.43228037e-02,1.22673725e-01,1.22737888e-01,6.25000000e-05,745342
344,104.366560,40,1.50113674e-02,1.42935985e-02,1.22558556e-01,1.22632145e-01,6.25000000e-05,745342
345,104.153736,40,1.49405678e-02,1.42386573e-02,1.22969157e-01,1.23138326e-01,6.25000000e-05,745342
346,104.054999,40,1.48397695e-02,1.41505554e-02,1.23985655e-01,1.24103889e-01,6.25000000e-05,745342
347,104.147788,40,1.48534433e-02,1.41824382e-02,1.23318745e-01,1.23384956e-01,6.25000000e-05,745342
348,108.132240,40,1.48751445e-02,1.42139610e-02,1.22168068e-01,1.22208856e-01,6.25000000e-05,745342
349,108.754411,40,1.48296057e-02,1.41795630e-02,1.25563031e-01,1.25902463e-01,6.25000000e-05,745342
350,108.786039,40,1.46971858e-02,1.40605535e-02,1.24893349e-01,1.24992916e-01,6.25000000e-05,745342
351,106.419040,40,1.46345940e-02,1.40085560e-02,1.21503933e-01,1.21485414e-01,6.25000000e-05,745342
352,108.533581,40,1.47460771e-02,1.41312931e-02,1.21223150e-01,1.21376323e-01,6.25000000e-05,745342
353,108.209479,40,1.46287874e-02,1.40220293e-02,1.21441309e-01,1.21580181e-01,6.25000000e-05,745342
354,107.531347,40,1.44841394e-02,1.38864270e-02,1.20951703e-01,1.21146681e-01,6.25000000e-05,745342
355,107.069258,40,1.45029970e-02,1.39145744e-02,1.21298284e-01,1.21527880e-01,6.25000000e-05,745342
356,107.896206,40,1.44308268e-02,1.38534389e-02,1.20831157e-01,1.21137028e-01,6.25000000e-05,745342
357,106.015888,40,1.43497094e-02,1.37801811e-02,1.20431758e-01,1.20608290e-01,6.25000000e-05,745342
358,109.071978,40,1.43212535e-02,1.37599684e-02,1.22033417e-01,1.22114722e-01,6.25000000e-05,745342
359,109.485112,40,1.42835060e-02,1.37288989e-02,1.19972991e-01,1.20218152e-01,6.25000000e-05,745342
360,107.839404,40,1.41803243e-02,1.36319885e-02,1.21304208e-01,1.21411306e-01,6.25000000e-05,745342
361,108.211394,40,1.43048295e-02,1.37651550e-02,1.21269422e-01,1.21729223e-01,6.25000000e-05,745342
362,107.647084,40,1.42505214e-02,1.37145307e-02,1.20240343e-01,1.20256525e-01,6.25000000e-05,745342
363,107.311288,40,1.41828646e-02,1.36527853e-02,1.21011469e-01,1.21221628e-01,6.25000000e-05,745342
364,107.986781,40,1.42003094e-02,1.36746692e-02,1.20057746e-01,1.20117263e-01,6.25000000e-05,745342
365,106.217896,40,1.41650622e-02,1.36437406e-02,1.20985176e-01,1.21234897e-01,6.25000000e-05,745342
366,107.572537,40,1.40455195e-02,1.35283772e-02,1.20120868e-01,1.20354996e-01,6.25000000e-05,745342
367,107.482179,40,1.40963567e-02,1.35821201e-02,1.18710831e-01,1.18975412e-01,6.25000000e-05,745342
368,108.073868,40,1.39295815e-02,1.34205934e-02,1.18913152e-01,1.19195388e-01,6.25000000e-05,745342
369,108.266480,40,1.38951936e-02,1.33919936e-02,1.19266341e-01,1.19530045e-01,6.25000000e-05,745342
370,104.899610,40,1.38679837e-02,1.33681909e-02,1.19576271e-01,1.19999624e-01,6.25000000e-05,745342
371,106.135232,40,1.38817609e-02,1.33854418e-02,1.18889195e-01,1.19123580e-01,6.25000000e-05,745342
372,108.828462,40,1.37467743e-02,1.32536178e-02,1.18377959e-01,1.18632808e-01,6.25000000e-05,745342
373,108.599614,40,1.37825094e-02,1.32921080e-02,1.19628602e-01,1.19917358e-01,6.25000000e-05,745342
374,107.701144,40,1.37233650e-02,1.32363251e-02,1.18163287e-01,1.18702968e-01,6.25000000e-05,745342
375,105.380417,40,1.36750254e-02,1.31906877e-02,1.18545262e-01,1.18804708e-01,6.25000000e-05,745342
376,108.174581,40,1.36809339e-02,1.31991791e-02,1.18030940e-01,1.18247509e-01,6.25000000e-05,745342
377,107.785244,40,1.38298015e-02,1.33502320e-02,1.19783341e-01,1.19898094e-01,6.25000000e-05,745342
378,106.068737,40,1.36332632e-02,1.31543431e-02,1.18533879e-01,1.18790445e-01,6.25000000e-05,745342
379,106.775874,40,1.34842363e-02,1.30073959e-02,1.17086046e-01,1.17336783e-01,6.25000000e-05,745342
380,108.479870,40,1.36054288e-02,1.31319681e-02,1.18833628e-01,1.18940645e-01,6.25000000e-05,745342
381,108.331089,40,1.36382139e-02,1.31635088e-02,1.20270848e-01,1.20667306e-01,6.25000000e-05,745342
382,107.736523,40,1.35034975e-02,1.30323848e-02,1.18062468e-01,1.18399938e-01,6.25000000e-05,745342
383,107.981936,40,1.35254778e-02,1.30537200e-02,1.17590187e-01,1.17928147e-01,6.25000000e-05,745342
384,106.466182,40,1.34717926e-02,1.30021992e-02,1.17262605e-01,1.17690788e-01,6.25000000e-05,745342
385,107.982283,40,1.34200886e-02,1.29517188e-02,1.16282781e-01,1.16493619e-01,6.25000000e-05,745342
386,107.908725,40,1.34180560e-02,1.29505697e-02,1.17081382e-01,1.17282855e-01,6.25000000e-05,745342
387,107.847073,40,1.32839292e-02,1.28199060e-02,1.17643940e-01,1.17965896e-01,6.25000000e-05,745342
388,106.165510,40,1.33446801e-02,1.28808787e-02,1.16356583e-01,1.16750054e-01,6.25000000e-05,745342
389,104.025950,40,1.32271557e-02,1.27661714e-02,1.15997271e-01,1.16371734e-01,6.25000000e-05,745342
390,106.101998,40,1.32163139e-02,1.27562973e-02,1.16480379e-01,1.16561581e-01,6.25000000e-05,745342
391,108.218943,40,1.32121702e-02,1.27526387e-02,1.15689027e-01,1.15938314e-01,6.25000000e-05,745342
392,108.488376,40,1.31083904e-02,1.26512121e-02,1.16571333e-01,1.16892056e-01,6.25000000e-05,745342
393,108.486289,40,1.31968084e-02,1.27396198e-02,1.15292906e-01,1.15591462e-01,6.25000000e-05,745342
394,108.376164,40,1.31095027e-02,1.26538759e-02,1.15984883e-01,1.16210742e-01,6.25000000e-05,745342
395,108.211847,40,1.30711384e-02,1.26159339e-02,1.15972045e-01,1.15994031e-01,6.25000000e-05,745342
396,105.486239,40,1.30512472e-02,1.25968579e-02,1.15607656e-01,1.15673362e-01,6.25000000e-05,745342
397,108.175658,40,1.30612173e-02,1.26082665e-02,1.16782186e-01,1.17242652e-01,6.25000000e-05,745342
398,108.463402,40,1.30900127e-02,1.26354113e-02,1.15059767e-01,1.15528430e-01,6.25000000e-05,745342
399,106.925655,40,1.29362235e-02,1.24838961e-02,1.14738868e-01,1.15061226e-01,3.12500000e-05,745342
400,108.954992,40,1.28794604e-02,1.24273448e-02,1.14379525e-01,1.14743668e-01,3.12500000e-05,745342
401,108.435411,40,1.28145111e-02,1.23647036e-02,1.14348274e-01,1.14722537e-01,3.12500000e-05,745342
402,107.701991,40,1.27855615e-02,1.23347188e-02,1.14477128e-01,1.14810858e-01,3.12500000e-05,745342
403,107.672145,40,1.27793021e-02,1.23289799e-02,1.14091889e-01,1.14328872e-01,3.12500000e-05,745342
404,107.623566,40,1.27697316e-02,1.23206853e-02,1.14842423e-01,1.15117071e-01,3.12500000e-05,745342
405,107.635267,40,1.27513068e-02,1.23028381e-02,1.14230500e-01,1.14450224e-01,3.12500000e-05,745342
406,107.501027,40,1.26812705e-02,1.22328325e-02,1.14172920e-01,1.14289925e-01,3.12500000e-05,745342
407,107.731781,40,1.27138883e-02,1.22668026e-02,1.13906146e-01,1.14175881e-01,3.12500000e-05,745342
408,107.629666,40,1.26875995e-02,1.22390998e-02,1.13662283e-01,1.13898956e-01,3.12500000e-05,745342
409,107.665425,40,1.26657489e-02,1.22191199e-02,1.13709174e-01,1.14160766e-01,3.12500000e-05,745342
410,107.681503,40,1.26748910e-02,1.22291464e-02,1.14656662e-01,1.15143850e-01,3.12500000e-05,745342
411,107.625126,40,1.27110039e-02,1.22626841e-02,1.13724032e-01,1.13934800e-01,3.12500000e-05,745342
412,106.205092,40,1.26430473e-02,1.21974828e-02,1.14438270e-01,1.14613846e-01,3.12500000e-05,745342
413,104.481221,40,1.26014845e-02,1.21559189e-02,1.13382201e-01,1.13593658e-01,3.12500000e-05,745342
414,107.242912,40,1.25782217e-02,1.21340344e-02,1.13203906e-01,1.13453872e-01,3.12500000e-05,745342
415,107.099328,40,1.25791818e-02,1.21337253e-02,1.13770384e-01,1.13872760e-01,3.12500000e-05,745342
416,107.167472,40,1.25835621e-02,1.21391249e-02,1.13567030e-01,1.13711703e-01,3.12500000e-05,745342
417,107.232381,40,1.25339481e-02,1.20894695e-02,1.13439467e-01,1.13662149e-01,3.12500000e-05,745342
418,107.093925,40,1.25424244e-02,1.20988819e-02,1.12923846e-01,1.13162270e-01,3.12500000e-05,745342
419,107.210486,40,1.25450222e-02,1.21017964e-02,1.12973807e-01,1.13245021e-01,3.12500000e-05,745342
420,107.451550,40,1.25845164e-02,1.21403797e-02,1.14069425e-01,1.14543123e-01,3.12500000e-05,745342
421,106.052319,40,1.25172687e-02,1.20735708e-02,1.12964267e-01,1.13361205e-01,3.12500000e-05,745342
422,107.465829,40,1.24485457e-02,1.20057126e-02,1.13621985e-01,1.14019380e-01,3.12500000e-05,745342
423,102.240675,40,1.25557901e-02,1.21119563e-02,1.13436433e-01,1.13819470e-01,3.12500000e-05,745342
424,106.650231,40,1.24547130e-02,1.20112715e-02,1.12449402e-01,1.12799211e-01,3.12500000e-05,745342
425,106.323384,40,1.24098881e-02,1.19671385e-02,1.12615976e-01,1.12881146e-01,3.12500000e-05,745342
426,106.704957,40,1.24129324e-02,1.19700663e-02,1.13134453e-01,1.13499280e-01,3.12500000e-05,745342
427,106.188955,40,1.23768227e-02,1.19364018e-02,1.12539167e-01,1.12730570e-01,3.12500000e-05,745342
428,103.473553,40,1.23543747e-02,1.19117969e-02,1.12395706e-01,1.12606112e-01,3.12500000e-05,745342
429,106.599585,40,1.23823955e-02,1.19414906e-02,1.12640922e-01,1.13001619e-01,3.12500000e-05,745342
430,104.043307,40,1.23296756e-02,1.18877284e-02,1.12212196e-01,1.12415968e-01,3.12500000e-05,745342
431,106.633540,40,1.23328957e-02,1.18914886e-02,1.13570850e-01,1.13905736e-01,3.12500000e-05,745342
432,103.536626,40,1.23304504e-02,1.18895532e-02,1.12181149e-01,1.12374567e-01,3.12500000e-05,745342
433,104.476762,40,1.22975600e-02,1.18568636e-02,1.12235258e-01,1.12534185e-01,3.12500000e-05,745342
434,102.791106,40,1.22857057e-02,1.18450130e-02,1.12385811e-01,1.12761876e-01,3.12500000e-05,745342
435,102.224791,40,1.23012402e-02,1.18610720e-02,1.12347174e-01,1.12669653e-01,3.12500000e-05,745342
436,102.231453,40,1.22788875e-02,1.18380228e-02,1.12088383e-01,1.12516755e-01,3.12500000e-05,745342
437,102.302240,40,1.22675133e-02,1.18262362e-02,1.12181525e-01,1.12188531e-01,3.12500000e-05,745342
438,105.303575,40,1.23323973e-02,1.18928664e-02,1.11732405e-01,1.11949526e-01,3.12500000e-05,745342
439,105.532370,40,1.22252059e-02,1.17830819e-02,1.11939290e-01,1.12246447e-01,3.12500000e-05,745342
440,105.467493,40,1.22365697e-02,1.17962938e-02,1.11905944e-01,1.12054992e-01,3.12500000e-05,745342
441,106.034421,40,1.22497619e-02,1.18090847e-02,1.11651458e-01,1.11812922e-01,3.12500000e-05,745342
442,105.587290,40,1.21677006e-02,1.17276100e-02,1.12137728e-01,1.12522321e-01,3.12500000e-05,745342
443,106.577284,40,1.21818010e-02,1.17412306e-02,1.11188657e-01,1.11455824e-01,3.12500000e-05,745342
444,107.042856,40,1.21203670e-02,1.16799347e-02,1.11440501e-01,1.11584741e-01,3.12500000e-05,745342
445,106.911544,40,1.21129542e-02,1.16719899e-02,1.11151752e-01,1.11304656e-01,3.12500000e-05,745342
446,107.014686,40,1.21311277e-02,1.16921667e-02,1.11375875e-01,1.11816711e-01,3.12500000e-05,745342
447,106.757650,40,1.21162791e-02,1.16757088e-02,1.11211464e-01,1.11428306e-01,3.12500000e-05,745342
448,102.569031,40,1.21203692e-02,1.16805520e-02,1.12464355e-01,1.12900418e-01,3.12500000e-05,745342
449,102.528195,40,1.21156709e-02,1.16737231e-02,1.10823365e-01,1.11161299e-01,3.12500000e-05,745342
450,102.419957,40,1.20741652e-02,1.16348065e-02,1.11682404e-01,1.12259340e-01,3.12500000e-05,745342
451,110.504431,40,1.21566145e-02,1.17154703e-02,1.11314608e-01,1.11531824e-01,3.12500000e-05,745342
452,122.608750,40,1.20337898e-02,1.15932574e-02,1.12654797e-01,1.12938130e-01,3.12500000e-05,745342
453,120.028852,40,1.20676463e-02,1.16262021e-02,1.10639032e-01,1.10875565e-01,3.12500000e-05,745342
454,118.434658,40,1.19924898e-02,1.15526072e-02,1.10531473e-01,1.10760384e-01,3.12500000e-05,745342
455,118.206041,40,1.19844216e-02,1.15437807e-02,1.10925996e-01,1.11341367e-01,3.12500000e-05,745342
456,114.879632,40,1.19624744e-02,1.15225200e-02,1.10693511e-01,1.11010153e-01,3.12500000e-05,745342
457,116.666268,40,1.19955328e-02,1.15540095e-02,1.11671407e-01,1.11749307e-01,3.12500000e-05,745342
458,115.659153,40,1.20004275e-02,1.15601323e-02,1.11115807e-01,1.11380933e-01,3.12500000e-05,745342
459,122.442344,40,1.20122482e-02,1.15713195e-02,1.10497631e-01,1.10739874e-01,3.12500000e-05,745342
460,117.575712,40,1.19393288e-02,1.14989354e-02,1.10499611e-01,1.10694910e-01,3.12500000e-05,745342
461,128.729492,40,1.19406353e-02,1.14995655e-02,1.11450061e-01,1.11554898e-01,3.12500000e-05,745342
462,131.560028,40,1.19427526e-02,1.15014033e-02,1.10364553e-01,1.10529262e-01,3.12500000e-05,745342
463,125.685887,40,1.19253790e-02,1.14839707e-02,1.10052584e-01,1.10306576e-01,3.12500000e-05,745342
464,127.082590,40,1.18732945e-02,1.14320742e-02,1.10865932e-01,1.11066396e-01,3.12500000e-05,745342
465,121.731778,40,1.19358096e-02,1.14933853e-02,1.09797875e-01,1.10051835e-01,3.12500000e-05,745342
466,119.404800,40,1.19117784e-02,1.14704847e-02,1.09906895e-01,1.10096962e-01,3.12500000e-05,745342
467,120.049912,40,1.20612790e-02,1.16182530e-02,1.09844314e-01,1.10041282e-01,3.12500000e-05,745342
468,118.190408,40,1.18856650e-02,1.14441929e-02,1.10080622e-01,1.10231299e-01,3.12500000e-05,745342
469,119.104869,40,1.18115348e-02,1.13694536e-02,1.10383883e-01,1.10365116e-01,3.12500000e-05,745342
470,122.842576,40,1.18314615e-02,1.13884854e-02,1.09579515e-01,1.09970080e-01,3.12500000e-05,745342
471,119.134367,40,1.18508100e-02,1.14080358e-02,1.10466865e-01,1.10697479e-01,3.12500000e-05,745342
472,118.369180,40,1.18099378e-02,1.13678548e-02,1.10456439e-01,1.10747253e-01,3.12500000e-05,745342
473,118.099766,40,1.17978450e-02,1.13560631e-02,1.10102319e-01,1.10343931e-01,3.12500000e-05,745342
474,120.229075,40,1.17797116e-02,1.13367064e-02,1.09859732e-01,1.10160157e-01,3.12500000e-05,745342
475,118.080990,40,1.17288836e-02,1.12872370e-02,1.10017973e-01,1.10247768e-01,3.12500000e-05,745342
476,117.736704,40,1.17860795e-02,1.13424638e-02,1.09267290e-01,1.09567039e-01,3.12500000e-05,745342
477,115.965571,40,1.17190241e-02,1.12773412e-02,1.09960232e-01,1.10042055e-01,3.12500000e-05,745342
478,117.833126,40,1.17880272e-02,1.13440713e-02,1.08954151e-01,1.09302863e-01,3.12500000e-05,745342
479,114.736864,40,1.18076109e-02,1.13630136e-02,1.09017460e-01,1.09265738e-01,3.12500000e-05,745342
480,114.968287,40,1.16915549e-02,1.12488784e-02,1.09055360e-01,1.09371936e-01,3.12500000e-05,745342
481,114.087599,40,1.17053145e-02,1.12620598e-02,1.09842354e-01,1.09955867e-01,3.12500000e-05,745342
482,114.278273,40,1.17028644e-02,1.12601613e-02,1.08927985e-01,1.09305673e-01,3.12500000e-05,745342
483,114.012479,40,1.16570033e-02,1.12134997e-02,1.09440698e-01,1.09654896e-01,3.12500000e-05,745342
484,112.132308,40,1.16314342e-02,1.11871042e-02,1.09007195e-01,1.09251626e-01,3.12500000e-05,745342
485,112.332071,40,1.16197918e-02,1.11766830e-02,1.08779879e-01,1.09111375e-01,3.12500000e-05,745342
486,111.005460,40,1.16728150e-02,1.12288577e-02,1.09456605e-01,1.09561315e-01,3.12500000e-05,745342
487,112.461324,40,1.16552293e-02,1.12126878e-02,1.08636854e-01,1.08805968e-01,3.12500000e-05,745342
488,111.946379,40,1.16061789e-02,1.11622160e-02,1.09958420e-01,1.10019124e-01,3.12500000e-05,745342
489,113.973683,40,1.16573079e-02,1.12134459e-02,1.08572893e-01,1.08788630e-01,3.12500000e-05,745342
490,112.360199,40,1.15601397e-02,1.11151480e-02,1.08463923e-01,1.08731878e-01,3.12500000e-05,745342
491,111.896297,40,1.15614355e-02,1.11167482e-02,1.08803781e-01,1.09091776e-01,3.12500000e-05,745342
492,111.303541,40,1.15471942e-02,1.11024943e-02,1.08578426e-01,1.08797927e-01,3.12500000e-05,745342
493,112.689868,40,1.15347527e-02,1.10912179e-02,1.08612944e-01,1.08870915e-01,3.12500000e-05,745342
494,112.131817,40,1.15155315e-02,1.10699671e-02,1.08215573e-01,1.08462457e-01,3.12500000e-05,745342
495,111.915681,40,1.14889606e-02,1.10447058e-02,1.08587120e-01,1.08810649e-01,3.12500000e-05,745342
496,111.600075,40,1.14520822e-02,1.10076515e-02,1.08130530e-01,1.08318344e-01,3.12500000e-05,745342
497,111.229912,40,1.15025658e-02,1.10579585e-02,1.08520691e-01,1.08726760e-01,3.12500000e-05,745342
498,111.377193,40,1.15155921e-02,1.10706782e-02,1.07840415e-01,1.08146812e-01,3.12500000e-05,745342
499,111.715323,40,1.14722132e-02,1.10259991e-02,1.07987881e-01,1.08113723e-01,1.56250000e-05,745342
