epoch,seconds,train_horizon,train_loss,train_pred_mse,train_full_rel_l2,val_full_rel_l2,val_pred_mse,lr,params
0,24.571458,1,1.23161977e-01,1.18365991e-02,9.47044571e-02,1.05816880e+00,2.75214231e+00,5.00000000e-04,948353
1,26.892235,1,2.22629187e-02,3.45801173e-03,5.20620156e-02,9.58608589e-01,2.26835173e+00,5.00000000e-04,948353
2,26.119837,1,1.15960131e-02,1.86677836e-03,3.84286337e-02,9.19226980e-01,2.09512796e+00,5.00000000e-04,948353
3,29.024615,1,8.75236615e-03,1.37043893e-03,3.30411813e-02,9.63608894e-01,2.29699236e+00,5.00000000e-04,948353
4,17.427872,1,7.06673065e-03,1.10287003e-03,2.96170844e-02,9.35207076e-01,2.17073281e+00,5.00000000e-04,948353
5,20.314677,1,6.18069506e-03,9.85041101e-04,2.80602997e-02,9.42508254e-01,2.20175661e+00,5.00000000e-04,948353
6,28.968004,1,5.25005078e-03,8.37594905e-04,2.57992332e-02,9.17361307e-01,2.08573722e+00,5.00000000e-04,948353
7,17.000937,1,4.84036211e-03,7.80016074e-04,2.49946483e-02,9.07806644e-01,2.04350400e+00,5.00000000e-04,948353
8,20.544997,1,4.64116281e-03,7.58537197e-04,2.47576399e-02,9.51242118e-01,2.24373220e+00,5.00000000e-04,948353
9,28.247159,1,4.20038598e-03,6.85174980e-04,2.34737291e-02,9.15570297e-01,2.08233624e+00,5.00000000e-04,948353
10,19.463779,1,4.02953094e-03,6.61516536e-04,2.31545680e-02,9.44018869e-01,2.20496845e+00,5.00000000e-04,948353
11,19.949420,1,3.83511364e-03,6.29953369e-04,2.25627993e-02,9.09350386e-01,2.05587302e+00,5.00000000e-04,948353
12,28.726511,1,3.74325998e-03,6.17057496e-04,2.22771579e-02,9.29656229e-01,2.14710667e+00,5.00000000e-04,948353
13,28.166983,1,3.58438604e-03,5.88746416e-04,2.18798888e-02,9.19077253e-01,2.10124806e+00,5.00000000e-04,948353
14,25.703249,1,3.60248353e-03,5.95279436e-04,2.20420000e-02,9.35168533e-01,2.17130069e+00,5.00000000e-04,948353
15,18.078976,1,3.51048306e-03,5.79188864e-04,2.17131887e-02,8.65255933e-01,1.86774485e+00,5.00000000e-04,948353
16,27.858346,1,3.34004716e-03,5.47181322e-04,2.10389863e-02,9.24447660e-01,2.12801006e+00,5.00000000e-04,948353
17,26.687429,1,3.30737421e-03,5.43219671e-04,2.10123734e-02,8.46812820e-01,1.78471770e+00,5.00000000e-04,948353
18,17.814420,1,3.20730910e-03,5.25289595e-04,2.06831470e-02,9.09101171e-01,2.05651062e+00,5.00000000e-04,948353
19,26.413157,1,3.09599454e-03,5.05581548e-04,2.02298658e-02,8.89204059e-01,1.97117863e+00,5.00000000e-04,948353
20,29.224588,1,3.05843377e-03,5.00487970e-04,2.01645567e-02,8.83027511e-01,1.94199188e+00,5.00000000e-04,948353
21,29.193083,1,3.10256879e-03,5.10739325e-04,2.03915408e-02,8.79498224e-01,1.92637256e+00,5.00000000e-04,948353
22,16.089616,1,3.04796124e-03,5.02365479e-04,2.02162642e-02,8.78511977e-01,1.92574535e+00,5.00000000e-04,948353
23,22.724511,1,2.92959095e-03,4.80987292e-04,1.97673814e-02,9.59733343e-01,2.28781552e+00,5.00000000e-04,948353
24,29.892883,1,2.90545614e-03,4.78881606e-04,1.97062227e-02,8.86589346e-01,1.95789127e+00,5.00000000e-04,948353
25,15.188751,1,3.00750733e-03,5.01047412e-04,2.01919745e-02,8.87799335e-01,1.96698629e+00,5.00000000e-04,948353
26,21.396302,1,2.95987995e-03,4.93546903e-04,2.00736362e-02,8.83875070e-01,1.94759169e+00,5.00000000e-04,948353
27,30.977515,1,2.75986954e-03,4.55433527e-04,1.92179065e-02,8.95093956e-01,1.99443455e+00,5.00000000e-04,948353
28,14.821783,1,2.79270129e-03,4.64539272e-04,1.94137163e-02,9.29643764e-01,2.15293624e+00,5.00000000e-04,948353
29,23.219943,1,2.78925415e-03,4.66186822e-04,1.95111408e-02,8.85717082e-01,1.96626222e+00,5.00000000e-04,948353
30,27.939353,1,2.76028212e-03,4.62479702e-04,1.93678393e-02,8.67625918e-01,1.87645635e+00,5.00000000e-04,948353
31,25.914619,1,2.82492075e-03,4.76136961e-04,1.96867832e-02,8.87089915e-01,1.96216835e+00,5.00000000e-04,948353
32,18.436982,1,2.59167725e-03,4.32184983e-04,1.87176931e-02,8.97974939e-01,2.01053599e+00,5.00000000e-04,948353
33,25.467038,1,2.51133886e-03,4.18639323e-04,1.84199932e-02,9.13937898e-01,2.07750702e+00,5.00000000e-04,948353
34,24.658946,1,2.48822592e-03,4.15211194e-04,1.83475377e-02,9.53164496e-01,2.25766523e+00,5.00000000e-04,948353
35,26.672378,1,2.75826950e-03,4.70933601e-04,1.96554691e-02,8.94095054e-01,1.99841305e+00,5.00000000e-04,948353
36,12.974862,1,2.65825799e-03,4.52703289e-04,1.91925883e-02,9.14242430e-01,2.07988546e+00,5.00000000e-04,948353
37,42.115699,1,2.54673931e-03,4.32325302e-04,1.87849066e-02,9.11962881e-01,2.07536725e+00,5.00000000e-04,948353
38,43.000728,1,2.44703045e-03,4.13936531e-04,1.83086827e-02,8.69514079e-01,1.88995216e+00,5.00000000e-04,948353
39,44.409869,1,2.62266810e-03,4.50813787e-04,1.91989689e-02,9.17073922e-01,2.09547516e+00,5.00000000e-04,948353
40,41.967396,1,2.35512681e-03,3.99006447e-04,1.80115554e-02,9.58253918e-01,2.28842995e+00,5.00000000e-04,948353
41,41.734876,1,2.51370191e-03,4.31677269e-04,1.87423782e-02,8.79033256e-01,1.94421714e+00,5.00000000e-04,948353
42,43.822740,1,2.90097938e-03,5.08704550e-04,2.04985633e-02,8.78267527e-01,1.92404988e+00,5.00000000e-04,948353
43,42.079794,1,2.26768757e-03,3.84682230e-04,1.76435466e-02,8.84696441e-01,1.95748861e+00,5.00000000e-04,948353
44,38.759249,1,2.45110639e-03,4.21756660e-04,1.85206176e-02,9.42504859e-01,2.21672567e+00,5.00000000e-04,948353
45,34.162690,1,2.21811288e-03,3.75963573e-04,1.74446552e-02,9.48894458e-01,2.23606576e+00,5.00000000e-04,948353
46,34.833467,1,2.32478998e-03,3.97331617e-04,1.79355569e-02,9.10003967e-01,2.06429898e+00,5.00000000e-04,948353
47,39.381495,1,2.27332549e-03,3.87409483e-04,1.77554449e-02,9.13934097e-01,2.07998928e+00,5.00000000e-04,948353
48,43.522493,1,2.40727028e-03,4.14867148e-04,1.83473459e-02,9.16061087e-01,2.09952937e+00,5.00000000e-04,948353
49,43.688260,1,2.41799757e-03,4.17240579e-04,1.84343353e-02,9.45034938e-01,2.23185619e+00,5.00000000e-04,948353
50,53.826206,5,1.45346088e-01,2.88821130e-02,1.32293728e-01,6.47157555e-01,1.05444640e+00,5.00000000e-04,948353
51,59.587021,5,6.26019715e-02,1.23809934e-02,8.81360327e-02,7.49833710e-01,1.41660902e+00,5.00000000e-04,948353
52,59.006292,5,4.66579348e-02,9.20139428e-03,7.58529229e-02,7.50801828e-01,1.42375293e+00,5.00000000e-04,948353
53,58.409934,5,4.28941966e-02,8.45223934e-03,7.27265242e-02,6.11148021e-01,9.51494038e-01,5.00000000e-04,948353
54,54.218888,5,3.66193392e-02,7.20200679e-03,6.69557086e-02,6.74028337e-01,1.14740671e+00,5.00000000e-04,948353
55,51.876763,5,3.12115069e-02,6.12572715e-03,6.17178836e-02,6.84203916e-01,1.19081974e+00,5.00000000e-04,948353
56,53.219037,5,2.71850935e-02,5.32173307e-03,5.73995910e-02,6.80679584e-01,1.17252354e+00,5.00000000e-04,948353
57,52.627867,5,2.67473010e-02,5.23760818e-03,5.69923031e-02,6.39371011e-01,1.03426727e+00,5.00000000e-04,948353
58,50.374498,5,2.49908534e-02,4.88741121e-03,5.50330849e-02,6.56737580e-01,1.09847018e+00,5.00000000e-04,948353
59,48.560891,5,2.41377811e-02,4.71827258e-03,5.40463495e-02,6.04296267e-01,9.33993533e-01,5.00000000e-04,948353
60,47.958419,5,2.35529702e-02,4.60338122e-03,5.34174160e-02,5.98255348e-01,9.11870229e-01,5.00000000e-04,948353
61,46.528682,5,2.47475961e-02,4.84053236e-03,5.47903841e-02,6.04911857e-01,9.37334073e-01,5.00000000e-04,948353
62,47.169297,5,2.28299312e-02,4.45909650e-03,5.25300665e-02,6.64535577e-01,1.11583677e+00,5.00000000e-04,948353
63,47.688983,5,2.30376401e-02,4.50066340e-03,5.29253657e-02,6.45661843e-01,1.05744371e+00,5.00000000e-04,948353
64,46.858762,5,2.14558783e-02,4.18643018e-03,5.09433608e-02,6.77667646e-01,1.16010676e+00,5.00000000e-04,948353
65,47.499445,5,2.05307942e-02,4.00272950e-03,4.98346082e-02,6.23484211e-01,9.90475836e-01,5.00000000e-04,948353
66,48.055193,5,2.00361467e-02,3.90504082e-03,4.92363476e-02,6.67420521e-01,1.12586614e+00,5.00000000e-04,948353
67,35.973411,5,2.10061913e-02,4.09977935e-03,5.04337846e-02,6.64412992e-01,1.11862406e+00,5.00000000e-04,948353
68,29.093242,5,2.03017031e-02,3.96015799e-03,4.94119162e-02,6.24522197e-01,9.93202510e-01,5.00000000e-04,948353
69,32.231323,5,1.93405520e-02,3.76715541e-03,4.82519347e-02,6.25051324e-01,9.94720578e-01,5.00000000e-04,948353
70,31.980241,5,1.92784807e-02,3.75432931e-03,4.82212653e-02,6.29020336e-01,1.00507604e+00,5.00000000e-04,948353
71,30.461325,5,1.90326539e-02,3.70719056e-03,4.78957448e-02,6.41931326e-01,1.04664715e+00,5.00000000e-04,948353
72,34.175430,5,1.93149042e-02,3.76226970e-03,4.83253156e-02,6.33682065e-01,1.01874406e+00,5.00000000e-04,948353
73,35.854062,5,1.79086630e-02,3.48284295e-03,4.63271145e-02,6.15775442e-01,9.66110078e-01,5.00000000e-04,948353
74,32.075397,5,1.71075221e-02,3.32425718e-03,4.53922226e-02,6.42405424e-01,1.05311060e+00,5.00000000e-04,948353
75,45.672021,10,1.81147170e-01,3.57408157e-02,1.35067884e-01,4.14778347e-01,4.40939666e-01,5.00000000e-04,948353
76,36.541789,10,1.43005993e-01,2.80980416e-02,1.20224366e-01,4.21648901e-01,4.50255683e-01,5.00000000e-04,948353
77,35.493130,10,1.37112826e-01,2.69186074e-02,1.17850263e-01,4.09552565e-01,4.26002643e-01,5.00000000e-04,948353
78,33.236159,10,1.34128758e-01,2.63256186e-02,1.16683223e-01,3.94679333e-01,3.93959871e-01,5.00000000e-04,948353
79,31.879959,10,1.33119664e-01,2.61215583e-02,1.16183057e-01,3.84422798e-01,3.76333907e-01,5.00000000e-04,948353
80,35.206876,10,1.28607438e-01,2.52114274e-02,1.13990680e-01,4.19506531e-01,4.43149923e-01,5.00000000e-04,948353
81,28.575878,10,1.29515378e-01,2.54142517e-02,1.14635843e-01,3.65369283e-01,3.39700177e-01,5.00000000e-04,948353
82,29.235070,10,1.29206152e-01,2.53417709e-02,1.14421908e-01,3.93672733e-01,3.92387131e-01,5.00000000e-04,948353
83,28.011982,10,1.20402296e-01,2.35907128e-02,1.10421265e-01,3.70346053e-01,3.48206095e-01,5.00000000e-04,948353
84,29.778181,10,1.19514125e-01,2.34084033e-02,1.09794785e-01,3.73111925e-01,3.51602931e-01,5.00000000e-04,948353
85,29.445204,10,1.13411458e-01,2.22118135e-02,1.07035509e-01,4.06864402e-01,4.17077975e-01,5.00000000e-04,948353
86,35.084112,10,1.15958891e-01,2.27286773e-02,1.08262860e-01,4.07808681e-01,4.20273522e-01,5.00000000e-04,948353
87,34.306453,10,1.16271993e-01,2.27817629e-02,1.08318460e-01,3.76728942e-01,3.60239813e-01,5.00000000e-04,948353
88,33.480008,10,1.14086895e-01,2.23533243e-02,1.07416618e-01,3.64426697e-01,3.34543779e-01,5.00000000e-04,948353
89,31.351755,10,1.14036911e-01,2.23504582e-02,1.07542098e-01,3.71351994e-01,3.47681187e-01,5.00000000e-04,948353
90,29.592496,10,1.12443726e-01,2.20271196e-02,1.06686231e-01,3.84199214e-01,3.74022463e-01,5.00000000e-04,948353
91,28.814720,10,1.18643221e-01,2.32569384e-02,1.09706248e-01,4.07758813e-01,4.19249059e-01,5.00000000e-04,948353
92,27.458019,10,1.15708318e-01,2.26845959e-02,1.08274618e-01,4.34156563e-01,4.74444622e-01,5.00000000e-04,948353
93,28.936936,10,1.14981342e-01,2.25281752e-02,1.07836034e-01,3.64650986e-01,3.36340714e-01,5.00000000e-04,948353
94,27.347834,10,1.18440030e-01,2.32184992e-02,1.09511344e-01,3.67673739e-01,3.38936035e-01,5.00000000e-04,948353
95,27.335959,10,1.12174975e-01,2.19885533e-02,1.06505495e-01,3.95789455e-01,3.92471443e-01,5.00000000e-04,948353
96,29.689968,10,1.12702598e-01,2.20893023e-02,1.06787044e-01,4.12876215e-01,4.27460279e-01,5.00000000e-04,948353
97,29.607261,10,1.11182598e-01,2.17759925e-02,1.05325703e-01,3.56561295e-01,3.22524680e-01,5.00000000e-04,948353
98,28.456209,10,1.06548725e-01,2.08685134e-02,1.03707882e-01,3.63907012e-01,3.32522398e-01,5.00000000e-04,948353
99,28.593479,10,1.03178912e-01,2.02076785e-02,1.02141029e-01,3.75009512e-01,3.54063280e-01,2.50000000e-04,948353
100,50.708518,20,1.07326298e+00,2.10396728e-01,2.87358639e-01,2.54427080e-01,1.61948421e-01,2.50000000e-04,948353
101,51.704679,20,8.65267931e-01,1.69028506e-01,2.58401588e-01,2.59335955e-01,1.70087015e-01,2.50000000e-04,948353
102,52.027095,20,7.66676089e-01,1.49352341e-01,2.43748485e-01,2.29629456e-01,1.32497768e-01,2.50000000e-04,948353
103,48.487334,20,7.31570184e-01,1.42363564e-01,2.37537256e-01,2.50443726e-01,1.56707997e-01,2.50000000e-04,948353
104,49.552462,20,7.69920833e-01,1.50069919e-01,2.43466394e-01,2.40849545e-01,1.45530750e-01,2.50000000e-04,948353
105,45.374487,20,7.32098659e-01,1.42454180e-01,2.37731653e-01,2.22080963e-01,1.23235375e-01,2.50000000e-04,948353
106,45.448821,20,6.93243365e-01,1.34790431e-01,2.31472450e-01,2.28651627e-01,1.31562754e-01,2.50000000e-04,948353
107,45.924004,20,6.56347844e-01,1.27392888e-01,2.24965522e-01,2.17136841e-01,1.18307168e-01,2.50000000e-04,948353
108,46.491108,20,6.53334463e-01,1.26834804e-01,2.24566290e-01,2.38661005e-01,1.42385374e-01,2.50000000e-04,948353
109,45.041561,20,6.71443678e-01,1.30467193e-01,2.27627042e-01,2.31773566e-01,1.34230007e-01,2.50000000e-04,948353
110,47.345746,20,6.89233622e-01,1.34010926e-01,2.30362411e-01,2.20934175e-01,1.22557452e-01,2.50000000e-04,948353
111,46.019486,20,6.55102048e-01,1.27176978e-01,2.24618838e-01,2.19833280e-01,1.21178977e-01,2.50000000e-04,948353
112,45.926036,20,6.46502544e-01,1.25446044e-01,2.22948335e-01,2.15819769e-01,1.17121151e-01,2.50000000e-04,948353
113,45.856567,20,6.30521374e-01,1.22247608e-01,2.20405367e-01,2.25167496e-01,1.27250041e-01,2.50000000e-04,948353
114,46.836310,20,6.16096624e-01,1.19404305e-01,2.18023229e-01,2.07295196e-01,1.08508244e-01,2.50000000e-04,948353
115,46.656855,20,6.07265482e-01,1.17602149e-01,2.16278580e-01,2.07371240e-01,1.08900918e-01,2.50000000e-04,948353
116,44.866491,20,6.38410059e-01,1.23818615e-01,2.21427497e-01,2.23665950e-01,1.25845294e-01,2.50000000e-04,948353
117,46.605930,20,6.01278490e-01,1.16375639e-01,2.15312763e-01,2.37987455e-01,1.42214711e-01,2.50000000e-04,948353
118,46.116968,20,5.94770783e-01,1.15149989e-01,2.14155583e-01,2.13327836e-01,1.14174241e-01,2.50000000e-04,948353
119,44.989882,20,6.00390332e-01,1.16262459e-01,2.14796875e-01,2.13416279e-01,1.15382345e-01,2.50000000e-04,948353
120,42.993899,20,6.14392800e-01,1.19032189e-01,2.17225911e-01,2.07354038e-01,1.07929966e-01,2.50000000e-04,948353
121,43.318590,20,5.74680500e-01,1.11073936e-01,2.10309036e-01,2.13269546e-01,1.17033515e-01,2.50000000e-04,948353
122,46.262112,20,5.77364721e-01,1.11691560e-01,2.10597159e-01,2.09948829e-01,1.12266582e-01,2.50000000e-04,948353
123,45.090704,20,6.12782294e-01,1.18714520e-01,2.16806547e-01,2.11467607e-01,1.12159530e-01,2.50000000e-04,948353
124,45.866130,20,5.87722674e-01,1.13682596e-01,2.12441436e-01,2.58965231e-01,1.67806945e-01,2.50000000e-04,948353
125,45.400061,20,6.07667034e-01,1.17676646e-01,2.15845956e-01,2.07106807e-01,1.08454036e-01,2.50000000e-04,948353
126,46.226512,20,5.66714288e-01,1.09480854e-01,2.08818231e-01,2.15040684e-01,1.17665195e-01,2.50000000e-04,948353
127,44.368837,20,5.83716240e-01,1.12890956e-01,2.11900699e-01,2.09673204e-01,1.10268775e-01,2.50000000e-04,948353
128,45.705351,20,5.71006553e-01,1.10342369e-01,2.09651416e-01,2.39439855e-01,1.46712380e-01,2.50000000e-04,948353
129,46.313849,20,5.85443412e-01,1.13202645e-01,2.12254896e-01,2.09304771e-01,1.10072937e-01,2.50000000e-04,948353
130,46.237551,20,6.48681419e-01,1.25867544e-01,2.22947466e-01,2.35435306e-01,1.39011928e-01,2.50000000e-04,948353
131,45.871102,20,6.19805230e-01,1.19986092e-01,2.18201352e-01,2.06212264e-01,1.07366880e-01,2.50000000e-04,948353
132,46.312312,20,5.59685486e-01,1.08096329e-01,2.07314848e-01,2.31303691e-01,1.36243130e-01,2.50000000e-04,948353
133,45.444468,20,5.75203957e-01,1.11172077e-01,2.10163326e-01,2.34208601e-01,1.39338084e-01,2.50000000e-04,948353
134,47.759273,20,5.72221880e-01,1.10569069e-01,2.09694822e-01,2.06752422e-01,1.07766083e-01,2.50000000e-04,948353
135,45.760497,20,5.52672698e-01,1.06718883e-01,2.06120274e-01,2.12199314e-01,1.12607795e-01,2.50000000e-04,948353
136,46.587361,20,5.56435804e-01,1.07446353e-01,2.06773308e-01,2.31066996e-01,1.36467034e-01,2.50000000e-04,948353
137,47.056090,20,5.85318149e-01,1.13232807e-01,2.12078971e-01,2.17823250e-01,1.22118749e-01,2.50000000e-04,948353
138,46.652070,20,5.48083883e-01,1.05752148e-01,2.04988356e-01,2.04999555e-01,1.06460822e-01,2.50000000e-04,948353
139,47.326488,20,5.65070626e-01,1.09120548e-01,2.08205420e-01,2.26146287e-01,1.29166195e-01,2.50000000e-04,948353
140,47.798882,20,5.53265567e-01,1.06807179e-01,2.06159987e-01,2.20779176e-01,1.23210622e-01,2.50000000e-04,948353
141,45.926552,20,5.59280569e-01,1.08018996e-01,2.07180325e-01,2.04645801e-01,1.05438217e-01,2.50000000e-04,948353
142,45.401841,20,5.67745593e-01,1.09713753e-01,2.08763807e-01,2.08498764e-01,1.08946457e-01,2.50000000e-04,948353
143,45.685234,20,5.63690416e-01,1.08885883e-01,2.07825142e-01,2.13672796e-01,1.14323298e-01,2.50000000e-04,948353
144,44.941050,20,5.80657944e-01,1.12260231e-01,2.10640063e-01,2.00298237e-01,1.00906726e-01,2.50000000e-04,948353
145,45.067303,20,5.67194114e-01,1.09539285e-01,2.08194940e-01,2.16363201e-01,1.17751364e-01,2.50000000e-04,948353
146,47.057053,20,5.37940834e-01,1.03673414e-01,2.03303254e-01,1.98143783e-01,9.84967098e-02,2.50000000e-04,948353
147,45.702994,20,5.59114116e-01,1.07944079e-01,2.07264171e-01,2.00327688e-01,1.00631762e-01,2.50000000e-04,948353
148,45.554430,20,5.72041963e-01,1.10485725e-01,2.09442785e-01,2.17484680e-01,1.18614746e-01,2.50000000e-04,948353
149,44.486675,20,5.58688358e-01,1.07790772e-01,2.07040900e-01,2.27868066e-01,1.30679276e-01,2.50000000e-04,948353
150,45.361112,20,5.54550557e-01,1.06996402e-01,2.06391315e-01,2.01093763e-01,1.02244433e-01,2.50000000e-04,948353
151,45.902830,20,5.56396244e-01,1.07440804e-01,2.06351345e-01,2.01816700e-01,1.02542974e-01,2.50000000e-04,948353
152,47.519178,20,5.32350468e-01,1.02645476e-01,2.02049307e-01,2.29539641e-01,1.31561303e-01,2.50000000e-04,948353
153,45.300354,20,5.52162199e-01,1.06598026e-01,2.05774468e-01,1.98219194e-01,9.92912464e-02,2.50000000e-04,948353
154,45.523727,20,5.28762899e-01,1.01914701e-01,2.01414731e-01,2.00875096e-01,1.02174571e-01,2.50000000e-04,948353
155,44.846446,20,5.26546249e-01,1.01484180e-01,2.00947681e-01,2.01147949e-01,1.01958317e-01,2.50000000e-04,948353
156,45.274257,20,5.27209494e-01,1.01585867e-01,2.01145960e-01,2.08812873e-01,1.10527133e-01,2.50000000e-04,948353
157,44.566855,20,5.37076557e-01,1.03550921e-01,2.02981823e-01,2.09774333e-01,1.12091091e-01,2.50000000e-04,948353
158,47.687323,20,5.64161345e-01,1.09012479e-01,2.08233223e-01,1.99791129e-01,1.00543504e-01,2.50000000e-04,948353
159,49.098109,20,5.17114688e-01,9.95708239e-02,1.98902734e-01,2.10919731e-01,1.11965432e-01,2.50000000e-04,948353
160,47.527747,20,5.39653572e-01,1.04069816e-01,2.03269881e-01,2.05733674e-01,1.06706143e-01,2.50000000e-04,948353
161,45.279325,20,5.81479294e-01,1.12385926e-01,2.10855251e-01,2.00025236e-01,1.01558485e-01,2.50000000e-04,948353
162,45.178195,20,5.36191065e-01,1.03318979e-01,2.02657843e-01,2.26667672e-01,1.29409691e-01,2.50000000e-04,948353
163,44.369980,20,5.31752811e-01,1.02463141e-01,2.01591914e-01,2.05238133e-01,1.06234194e-01,2.50000000e-04,948353
164,48.713797,20,5.29684565e-01,1.02044980e-01,2.01506131e-01,2.03046018e-01,1.03341050e-01,2.50000000e-04,948353
165,47.422732,20,5.78353579e-01,1.11750307e-01,2.10205662e-01,2.12238636e-01,1.13612781e-01,2.50000000e-04,948353
166,47.688485,20,5.35176250e-01,1.03155942e-01,2.02741307e-01,2.07022321e-01,1.07940033e-01,2.50000000e-04,948353
167,46.355036,20,5.23110787e-01,1.00751778e-01,2.00283810e-01,2.00653253e-01,1.01336375e-01,2.50000000e-04,948353
168,45.811514,20,5.22867129e-01,1.00675232e-01,2.00038266e-01,2.00182880e-01,1.01101547e-01,2.50000000e-04,948353
169,45.863911,20,5.01973965e-01,9.65493022e-02,1.96098552e-01,2.02724375e-01,1.03336575e-01,2.50000000e-04,948353
170,45.393456,20,5.21539288e-01,1.00478992e-01,1.99936672e-01,2.12784619e-01,1.13311710e-01,2.50000000e-04,948353
171,45.529523,20,5.35534902e-01,1.03209244e-01,2.02403767e-01,2.03033956e-01,1.03050448e-01,2.50000000e-04,948353
172,45.386837,20,5.50352141e-01,1.06194681e-01,2.05325772e-01,2.03644378e-01,1.04478702e-01,2.50000000e-04,948353
173,46.058125,20,5.18077758e-01,9.97548797e-02,1.99071959e-01,1.98311142e-01,9.88192588e-02,2.50000000e-04,948353
174,47.151842,20,5.44326243e-01,1.04965432e-01,2.04134018e-01,1.93586578e-01,9.43924863e-02,2.50000000e-04,948353
175,47.693515,20,5.37997576e-01,1.03734680e-01,2.02929517e-01,1.99212471e-01,9.99996331e-02,2.50000000e-04,948353
176,46.528512,20,5.24243938e-01,1.00980206e-01,2.00167525e-01,2.00800216e-01,1.02156674e-01,2.50000000e-04,948353
177,46.148192,20,5.25136022e-01,1.01126002e-01,2.00525265e-01,2.03982469e-01,1.04874908e-01,2.50000000e-04,948353
178,45.117864,20,5.35509219e-01,1.03223067e-01,2.02420473e-01,2.25845057e-01,1.28724666e-01,2.50000000e-04,948353
179,45.600259,20,5.37850906e-01,1.03680606e-01,2.03069137e-01,2.18282589e-01,1.19804468e-01,2.50000000e-04,948353
180,45.483183,20,5.35858860e-01,1.03266230e-01,2.02440935e-01,2.02431173e-01,1.03770414e-01,2.50000000e-04,948353
181,45.699109,20,5.26762573e-01,1.01461324e-01,2.00878994e-01,1.94143500e-01,9.55653112e-02,2.50000000e-04,948353
182,45.680439,20,4.92843774e-01,9.47071335e-02,1.94157186e-01,1.99054149e-01,9.98087455e-02,2.50000000e-04,948353
183,46.110922,20,5.13545080e-01,9.88690384e-02,1.98163676e-01,2.21665939e-01,1.23580307e-01,2.50000000e-04,948353
184,45.252687,20,5.29854234e-01,1.02093180e-01,2.01272266e-01,2.15993128e-01,1.18086804e-01,2.50000000e-04,948353
185,46.655111,20,5.16277483e-01,9.93864249e-02,1.98658512e-01,2.23291696e-01,1.27657891e-01,2.50000000e-04,948353
186,45.944623,20,5.16038658e-01,9.93781141e-02,1.98746465e-01,2.18593171e-01,1.20421739e-01,2.50000000e-04,948353
187,45.969275,20,5.20539173e-01,1.00230946e-01,1.99704193e-01,1.93613864e-01,9.41565562e-02,2.50000000e-04,948353
188,46.805397,20,5.38894094e-01,1.03828805e-01,2.02792114e-01,2.00415950e-01,1.01457844e-01,2.50000000e-04,948353
189,47.290636,20,5.11596947e-01,9.84277806e-02,1.97629128e-01,2.02498115e-01,1.04118137e-01,2.50000000e-04,948353
190,45.215865,20,5.11857117e-01,9.84719621e-02,1.97809802e-01,1.99393051e-01,1.00660107e-01,2.50000000e-04,948353
191,45.585692,20,5.15987488e-01,9.93263752e-02,1.98605870e-01,2.05826102e-01,1.06819298e-01,2.50000000e-04,948353
192,46.337143,20,5.11111592e-01,9.83452284e-02,1.97454201e-01,2.01581926e-01,1.01876229e-01,2.50000000e-04,948353
193,46.899457,20,4.82879295e-01,9.27232717e-02,1.92132056e-01,2.07675658e-01,1.10774370e-01,2.50000000e-04,948353
194,45.885739,20,4.98320073e-01,9.57837248e-02,1.95120042e-01,2.01728003e-01,1.02281656e-01,2.50000000e-04,948353
195,46.473730,20,4.95310152e-01,9.51792281e-02,1.94711433e-01,1.99281405e-01,9.97472003e-02,2.50000000e-04,948353
196,45.866174,20,5.22317517e-01,1.00544069e-01,1.99643850e-01,1.97341005e-01,9.75465663e-02,2.50000000e-04,948353
197,46.291577,20,5.18257581e-01,9.97433946e-02,1.98936816e-01,2.00753399e-01,1.04101685e-01,2.50000000e-04,948353
198,44.837946,20,5.05798175e-01,9.72697721e-02,1.96726759e-01,2.02094005e-01,1.03078858e-01,2.50000000e-04,948353
199,46.103165,20,4.97994437e-01,9.57151080e-02,1.95231157e-01,2.02681090e-01,1.05717362e-01,1.25000000e-04,948353
200,47.417258,20,4.42152400e-01,8.45521530e-02,1.83626707e-01,1.84526033e-01,8.62368580e-02,1.25000000e-04,948353
201,49.010012,20,4.29038627e-01,8.19300059e-02,1.80831220e-01,2.14974155e-01,1.17122337e-01,1.25000000e-04,948353
202,50.853619,20,4.33965184e-01,8.28970234e-02,1.81852251e-01,1.88298193e-01,8.97161432e-02,1.25000000e-04,948353
203,50.661581,20,4.38993244e-01,8.38972498e-02,1.82825949e-01,1.85883304e-01,8.72580096e-02,1.25000000e-04,948353
204,49.111834,20,4.34021493e-01,8.28760920e-02,1.81750406e-01,1.86363081e-01,8.75245810e-02,1.25000000e-04,948353
205,46.205061,20,4.21208028e-01,8.03519979e-02,1.79060384e-01,1.99850595e-01,1.00020156e-01,1.25000000e-04,948353
206,46.744078,20,4.40957487e-01,8.42649526e-02,1.83202278e-01,1.83341417e-01,8.48561592e-02,1.25000000e-04,948353
207,46.387022,20,4.24704899e-01,8.10209890e-02,1.79769870e-01,1.82344709e-01,8.44059214e-02,1.25000000e-04,948353
208,45.174200,20,4.19456428e-01,7.99494076e-02,1.78585785e-01,1.95565143e-01,9.57974251e-02,1.25000000e-04,948353
209,45.282397,20,4.22818282e-01,8.06082734e-02,1.79294494e-01,1.79887653e-01,8.15013446e-02,1.25000000e-04,948353
210,46.683482,20,4.06706434e-01,7.74089208e-02,1.75828543e-01,1.79688081e-01,8.09563473e-02,1.25000000e-04,948353
211,45.015468,20,4.06266195e-01,7.73281205e-02,1.75675229e-01,1.82383582e-01,8.40186372e-02,1.25000000e-04,948353
212,46.508847,20,4.14928365e-01,7.90463377e-02,1.77674895e-01,1.81277038e-01,8.27072315e-02,1.25000000e-04,948353
213,45.744152,20,4.15642251e-01,7.91692602e-02,1.77714774e-01,1.81322818e-01,8.26692648e-02,1.25000000e-04,948353
214,46.569703,20,4.15484063e-01,7.91198364e-02,1.77662347e-01,1.80578827e-01,8.22328724e-02,1.25000000e-04,948353
215,46.430294,20,4.20440339e-01,8.01027863e-02,1.78685438e-01,1.83282825e-01,8.42665151e-02,1.25000000e-04,948353
216,50.737624,20,4.22970794e-01,8.06151213e-02,1.79309516e-01,1.84788098e-01,8.61458518e-02,1.25000000e-04,948353
217,49.836798,20,4.05111366e-01,7.70554517e-02,1.75390921e-01,1.82914840e-01,8.39154124e-02,1.25000000e-04,948353
218,50.427118,20,4.14451144e-01,7.89227499e-02,1.77407696e-01,1.78470767e-01,8.09778802e-02,1.25000000e-04,948353
219,44.214313,20,4.13905946e-01,7.88234095e-02,1.77303805e-01,1.82624092e-01,8.38486731e-02,1.25000000e-04,948353
220,45.623693,20,4.06767309e-01,7.73683281e-02,1.75627376e-01,1.78312681e-01,8.02670214e-02,1.25000000e-04,948353
221,47.001839,20,4.18292487e-01,7.96780642e-02,1.78205817e-01,1.79371606e-01,8.07397354e-02,1.25000000e-04,948353
222,46.028497,20,4.14559842e-01,7.89080200e-02,1.77458152e-01,1.82954307e-01,8.49112604e-02,1.25000000e-04,948353
223,44.812094,20,4.12278829e-01,7.84165225e-02,1.76851433e-01,1.81036526e-01,8.25399689e-02,1.25000000e-04,948353
224,46.919396,20,4.04983019e-01,7.69918146e-02,1.75267301e-01,1.76790411e-01,7.89476013e-02,1.25000000e-04,948353
225,46.167814,20,4.14639564e-01,7.89406659e-02,1.77400953e-01,1.82868140e-01,8.48200407e-02,1.25000000e-04,948353
226,47.248765,20,3.98195691e-01,7.56374890e-02,1.73804919e-01,1.79567245e-01,8.19498915e-02,1.25000000e-04,948353
227,48.277127,20,4.24726124e-01,8.09211968e-02,1.79549681e-01,1.77887354e-01,7.96734553e-02,1.25000000e-04,948353
228,48.503693,20,4.20027243e-01,7.99577454e-02,1.78488447e-01,1.88040271e-01,8.99645831e-02,1.25000000e-04,948353
229,46.838003,20,4.03806726e-01,7.67400357e-02,1.74888342e-01,1.87009615e-01,8.88133351e-02,1.25000000e-04,948353
230,47.909028,20,4.16926643e-01,7.93556396e-02,1.77710628e-01,1.87165806e-01,8.78450591e-02,1.25000000e-04,948353
231,47.323000,20,3.99593709e-01,7.58971836e-02,1.73980790e-01,1.77694074e-01,7.99033031e-02,1.25000000e-04,948353
232,45.975722,20,4.05070792e-01,7.69913954e-02,1.75214132e-01,1.78899726e-01,8.08871519e-02,1.25000000e-04,948353
233,47.426888,20,4.04048488e-01,7.67663078e-02,1.75068455e-01,1.75124720e-01,7.70083945e-02,1.25000000e-04,948353
234,46.083549,20,3.98917600e-01,7.57783968e-02,1.73925645e-01,1.84959418e-01,8.66547763e-02,1.25000000e-04,948353
235,45.553907,20,4.04153202e-01,7.67865894e-02,1.75064898e-01,1.89215022e-01,9.17492662e-02,1.25000000e-04,948353
236,48.735302,20,4.09850921e-01,7.79395122e-02,1.76170084e-01,1.94543695e-01,9.52296700e-02,1.25000000e-04,948353
237,47.380109,20,4.07332812e-01,7.73974605e-02,1.75714845e-01,1.80829755e-01,8.33447728e-02,1.25000000e-04,948353
238,44.640759,20,4.05251740e-01,7.69799946e-02,1.75249047e-01,1.80337589e-01,8.22599657e-02,1.25000000e-04,948353
239,45.582118,20,3.97901725e-01,7.55495513e-02,1.73507972e-01,1.76661559e-01,7.90578924e-02,1.25000000e-04,948353
240,45.469074,20,4.02256058e-01,7.64066996e-02,1.74570221e-01,1.84156227e-01,8.52530736e-02,1.25000000e-04,948353
241,46.632502,20,3.96989988e-01,7.53591692e-02,1.73416263e-01,1.81627913e-01,8.33668765e-02,1.25000000e-04,948353
242,49.021372,20,4.06138120e-01,7.71734925e-02,1.75486835e-01,1.78305543e-01,8.09964314e-02,1.25000000e-04,948353
243,46.890180,20,3.95539801e-01,7.50603898e-02,1.73039702e-01,1.76357688e-01,7.85330970e-02,1.25000000e-04,948353
244,47.539763,20,3.95888332e-01,7.51134408e-02,1.73119207e-01,1.76064692e-01,7.77765278e-02,1.25000000e-04,948353
245,48.185089,20,4.01330930e-01,7.62107696e-02,1.74348887e-01,1.78336977e-01,8.02741919e-02,1.25000000e-04,948353
246,47.596085,20,3.98490800e-01,7.56366356e-02,1.73761601e-01,1.77612852e-01,7.95450669e-02,1.25000000e-04,948353
247,47.789156,20,4.07536896e-01,7.74619716e-02,1.75615353e-01,1.75635843e-01,7.75543705e-02,1.25000000e-04,948353
248,45.790442,20,4.10179210e-01,7.79885430e-02,1.76136531e-01,1.82175296e-01,8.39937180e-02,1.25000000e-04,948353
249,48.095685,20,4.19614000e-01,7.98424078e-02,1.78162169e-01,1.75782659e-01,7.80777540e-02,1.25000000e-04,948353
250,47.666396,20,3.98253592e-01,7.55537034e-02,1.73559967e-01,1.76972865e-01,7.86364436e-02,1.25000000e-04,948353
251,47.387426,20,4.12603219e-01,7.84205493e-02,1.76673272e-01,1.76204233e-01,7.89293243e-02,1.25000000e-04,948353
252,48.354867,20,3.97574940e-01,7.54208417e-02,1.73437497e-01,1.75581686e-01,7.76508253e-02,1.25000000e-04,948353
253,48.477376,20,3.91592852e-01,7.42433438e-02,1.72042568e-01,1.77761050e-01,7.95734823e-02,1.25000000e-04,948353
254,46.483632,20,4.05741417e-01,7.70843825e-02,1.75241977e-01,1.81038308e-01,8.22995543e-02,1.25000000e-04,948353
255,46.780515,20,4.02524626e-01,7.63901421e-02,1.74495108e-01,1.87117836e-01,8.78068093e-02,1.25000000e-04,948353
256,44.873945,20,4.11178187e-01,7.81113777e-02,1.76345904e-01,1.74795809e-01,7.70629637e-02,1.25000000e-04,948353
257,46.148412,20,3.87149660e-01,7.33584735e-02,1.71076689e-01,1.79965791e-01,8.12909156e-02,1.25000000e-04,948353
258,47.410890,20,3.91972870e-01,7.43091308e-02,1.72108148e-01,1.75589727e-01,7.78290926e-02,1.25000000e-04,948353
259,46.366741,20,4.03603997e-01,7.66346832e-02,1.74769221e-01,1.88135502e-01,8.87476843e-02,1.25000000e-04,948353
260,45.928262,20,3.99123009e-01,7.57224853e-02,1.73652271e-01,1.79770157e-01,8.17617074e-02,1.25000000e-04,948353
261,46.465944,20,4.05486515e-01,7.70061874e-02,1.75140530e-01,1.78505821e-01,8.03339954e-02,1.25000000e-04,948353
262,48.407199,20,3.89308119e-01,7.37396613e-02,1.71535524e-01,1.77246875e-01,7.96338473e-02,1.25000000e-04,948353
263,47.374328,20,4.18273803e-01,7.95473220e-02,1.77748959e-01,1.86856424e-01,8.79080143e-02,1.25000000e-04,948353
264,46.157886,20,4.14123833e-01,7.87137166e-02,1.76981651e-01,1.80048820e-01,8.16346146e-02,1.25000000e-04,948353
265,46.808565,20,3.84191028e-01,7.27528840e-02,1.70375035e-01,1.74433228e-01,7.72588773e-02,1.25000000e-04,948353
266,47.403579,20,3.95276082e-01,7.49734374e-02,1.72869422e-01,1.77964581e-01,8.00367352e-02,1.25000000e-04,948353
267,46.837769,20,3.93084920e-01,7.44998951e-02,1.72488217e-01,1.77564881e-01,7.92388160e-02,1.25000000e-04,948353
268,46.481052,20,3.97181928e-01,7.53437695e-02,1.73376029e-01,1.84377753e-01,8.52571953e-02,1.25000000e-04,948353
269,47.957412,20,3.95152889e-01,7.49013853e-02,1.72791436e-01,1.81253568e-01,8.23978398e-02,1.25000000e-04,948353
270,46.281194,20,3.90325930e-01,7.39603193e-02,1.71693632e-01,1.80358327e-01,8.16505607e-02,1.25000000e-04,948353
271,47.405111,20,3.98344311e-01,7.55985249e-02,1.73550898e-01,1.81994799e-01,8.39997798e-02,1.25000000e-04,948353
272,47.643454,20,4.05650646e-01,7.70105735e-02,1.75135110e-01,1.81682562e-01,8.28012586e-02,1.25000000e-04,948353
273,46.321810,20,3.99804866e-01,7.58336131e-02,1.73757584e-01,1.79132329e-01,8.10060069e-02,1.25000000e-04,948353
274,44.741771,20,3.90456342e-01,7.39917052e-02,1.71776727e-01,1.77473894e-01,7.93811589e-02,1.25000000e-04,948353
275,47.059804,20,3.85355595e-01,7.29974262e-02,1.70614831e-01,1.73389107e-01,7.56987339e-02,1.25000000e-04,948353
276,50.666684,20,4.01581483e-01,7.62132016e-02,1.74288050e-01,1.75967776e-01,7.87549865e-02,1.25000000e-04,948353
277,49.129435,20,4.03908211e-01,7.66483522e-02,1.74712679e-01,1.82817001e-01,8.36651370e-02,1.25000000e-04,948353
278,50.535548,20,3.98109944e-01,7.54936652e-02,1.73518670e-01,1.85105663e-01,8.62735651e-02,1.25000000e-04,948353
279,46.934550,20,4.12369196e-01,7.83202724e-02,1.76624403e-01,1.74253490e-01,7.66983952e-02,1.25000000e-04,948353
280,47.298860,20,3.91376611e-01,7.41387800e-02,1.71960066e-01,1.78559093e-01,8.05841509e-02,1.25000000e-04,948353
281,48.076521,20,4.07413533e-01,7.73131919e-02,1.75411434e-01,1.73388539e-01,7.58583969e-02,1.25000000e-04,948353
282,46.734446,20,3.95322897e-01,7.49337102e-02,1.72832904e-01,1.75473304e-01,7.75664393e-02,1.25000000e-04,948353
283,46.204787,20,3.95482443e-01,7.49651003e-02,1.72809659e-01,1.81362184e-01,8.28061040e-02,1.25000000e-04,948353
284,45.340690,20,3.85781088e-01,7.30464105e-02,1.70726921e-01,1.78469954e-01,8.02602723e-02,1.25000000e-04,948353
285,47.720471,20,3.84295116e-01,7.27469315e-02,1.70394806e-01,1.81495292e-01,8.28040116e-02,1.25000000e-04,948353
286,44.174093,20,4.02198435e-01,7.63175986e-02,1.74329478e-01,1.84936146e-01,8.57904527e-02,1.25000000e-04,948353
287,46.946099,20,4.01056646e-01,7.60404943e-02,1.74126399e-01,1.87527584e-01,8.88020769e-02,1.25000000e-04,948353
288,45.349941,20,3.97114112e-01,7.52839007e-02,1.73253587e-01,1.80225938e-01,8.18411879e-02,1.25000000e-04,948353
289,44.591955,20,3.94968128e-01,7.48285509e-02,1.72718557e-01,1.72681469e-01,7.54460000e-02,1.25000000e-04,948353
290,46.352587,20,3.92630532e-01,7.43830146e-02,1.72107713e-01,1.83910163e-01,8.51669572e-02,1.25000000e-04,948353
291,47.692398,20,4.02934981e-01,7.64179907e-02,1.74472132e-01,1.79723959e-01,8.10070608e-02,1.25000000e-04,948353
292,48.281623,20,3.97804159e-01,7.54059227e-02,1.73385257e-01,1.79343678e-01,8.15442163e-02,1.25000000e-04,948353
293,45.519896,20,3.95309274e-01,7.49048825e-02,1.72784213e-01,1.74139302e-01,7.64435139e-02,1.25000000e-04,948353
294,45.039033,20,3.87140189e-01,7.33298020e-02,1.71084098e-01,1.76750698e-01,7.87660601e-02,1.25000000e-04,948353
295,45.935517,20,3.88546363e-01,7.35849731e-02,1.71288895e-01,1.83322725e-01,8.44247594e-02,1.25000000e-04,948353
296,48.728683,20,4.01903855e-01,7.62354878e-02,1.74346364e-01,1.86867423e-01,8.76064956e-02,1.25000000e-04,948353
297,47.677139,20,3.87684786e-01,7.33937147e-02,1.71121291e-01,1.81001283e-01,8.23765922e-02,1.25000000e-04,948353
298,46.259960,20,3.89802671e-01,7.38159963e-02,1.71514629e-01,1.81510958e-01,8.30217741e-02,1.25000000e-04,948353
299,46.397006,20,3.87288049e-01,7.33282994e-02,1.70990151e-01,1.81607920e-01,8.46847901e-02,6.25000000e-05,948353
300,48.291766,20,3.60674424e-01,6.80122899e-02,1.64668409e-01,1.71969981e-01,7.44826518e-02,6.25000000e-05,948353
301,45.585443,20,3.53181632e-01,6.65377922e-02,1.62968388e-01,1.69846227e-01,7.24763820e-02,6.25000000e-05,948353
302,46.593152,20,3.54244349e-01,6.67532676e-02,1.63241112e-01,1.69678771e-01,7.26759482e-02,6.25000000e-05,948353
303,46.779675,20,3.56059453e-01,6.70944550e-02,1.63700200e-01,1.67378074e-01,7.07008816e-02,6.25000000e-05,948353
304,48.187676,20,3.46825438e-01,6.52695809e-02,1.61470211e-01,1.69410614e-01,7.24129740e-02,6.25000000e-05,948353
305,50.039453,20,3.49483215e-01,6.58164734e-02,1.62124465e-01,1.68394740e-01,7.15160144e-02,6.25000000e-05,948353
306,46.443829,20,3.49737574e-01,6.58582433e-02,1.62176808e-01,1.67612259e-01,7.10740520e-02,6.25000000e-05,948353
307,48.159964,20,3.48900421e-01,6.56899212e-02,1.61926438e-01,1.70808544e-01,7.34549277e-02,6.25000000e-05,948353
308,45.111330,20,3.42913551e-01,6.44881645e-02,1.60496879e-01,1.67586770e-01,7.08405623e-02,6.25000000e-05,948353
309,48.538953,20,3.46284529e-01,6.51627056e-02,1.61354230e-01,1.65950168e-01,6.93777358e-02,6.25000000e-05,948353
310,50.992575,20,3.45900020e-01,6.50670448e-02,1.61236538e-01,1.68704130e-01,7.20830683e-02,6.25000000e-05,948353
311,46.616922,20,3.47636550e-01,6.54225720e-02,1.61593840e-01,1.70400366e-01,7.30606707e-02,6.25000000e-05,948353
312,49.280853,20,3.44681310e-01,6.48462176e-02,1.60892550e-01,1.70370855e-01,7.29594134e-02,6.25000000e-05,948353
313,47.378789,20,3.45010704e-01,6.48797728e-02,1.60954190e-01,1.74904451e-01,7.68649669e-02,6.25000000e-05,948353
314,46.734326,20,3.45816920e-01,6.50522095e-02,1.61192093e-01,1.70214319e-01,7.27608707e-02,6.25000000e-05,948353
315,50.858678,20,3.45100182e-01,6.49028961e-02,1.61021957e-01,1.65980459e-01,6.95523802e-02,6.25000000e-05,948353
316,48.388672,20,3.40766101e-01,6.40415142e-02,1.59972540e-01,1.68215821e-01,7.11254487e-02,6.25000000e-05,948353
317,45.534360,20,3.45520359e-01,6.49853303e-02,1.61075708e-01,1.67712076e-01,7.07759645e-02,6.25000000e-05,948353
318,46.112803,20,3.40270151e-01,6.39414285e-02,1.59818231e-01,1.66937104e-01,7.01607872e-02,6.25000000e-05,948353
319,46.698285,20,3.37319665e-01,6.33548633e-02,1.59064080e-01,1.66773655e-01,7.06584396e-02,6.25000000e-05,948353
320,45.497541,20,3.38993542e-01,6.36912090e-02,1.59506186e-01,1.68283150e-01,7.15263862e-02,6.25000000e-05,948353
321,48.109596,20,3.36601049e-01,6.32225650e-02,1.58874105e-01,1.67930212e-01,7.09961059e-02,6.25000000e-05,948353
322,45.285562,20,3.45876338e-01,6.50821828e-02,1.61175376e-01,1.66984576e-01,7.02071326e-02,6.25000000e-05,948353
323,45.598070,20,3.40388415e-01,6.39687215e-02,1.59787046e-01,1.67358695e-01,7.09054951e-02,6.25000000e-05,948353
324,48.030770,20,3.41149976e-01,6.41241308e-02,1.59982303e-01,1.66252619e-01,6.97466863e-02,6.25000000e-05,948353
325,45.381993,20,3.37353669e-01,6.33468610e-02,1.59081777e-01,1.64651893e-01,6.83658719e-02,6.25000000e-05,948353
326,46.743087,20,3.39506504e-01,6.37903455e-02,1.59624894e-01,1.78730065e-01,8.04909088e-02,6.25000000e-05,948353
327,47.638721,20,3.39952361e-01,6.38625671e-02,1.59717980e-01,1.66885316e-01,6.99231194e-02,6.25000000e-05,948353
328,47.302107,20,3.35430832e-01,6.29785853e-02,1.58602616e-01,1.64314343e-01,6.82429772e-02,6.25000000e-05,948353
329,47.068922,20,3.42723353e-01,6.44078723e-02,1.60291910e-01,1.65891868e-01,6.97061304e-02,6.25000000e-05,948353
330,47.900708,20,3.46028547e-01,6.50585658e-02,1.61137338e-01,1.66543978e-01,6.99600788e-02,6.25000000e-05,948353
331,47.013580,20,3.37332758e-01,6.33182159e-02,1.59011632e-01,1.67132248e-01,7.07676232e-02,6.25000000e-05,948353
332,47.410171,20,3.42360057e-01,6.43429248e-02,1.60272506e-01,1.66274034e-01,6.95338424e-02,6.25000000e-05,948353
333,45.524668,20,3.39518420e-01,6.37754115e-02,1.59544560e-01,1.68949341e-01,7.18904397e-02,6.25000000e-05,948353
334,44.602009,20,3.39371068e-01,6.37319619e-02,1.59549862e-01,1.67151838e-01,7.03747286e-02,6.25000000e-05,948353
335,45.227188,20,3.41010638e-01,6.40604596e-02,1.59935243e-01,1.68102280e-01,7.10873734e-02,6.25000000e-05,948353
336,45.788706,20,3.38917367e-01,6.36471589e-02,1.59404313e-01,1.65658905e-01,6.94486961e-02,6.25000000e-05,948353
337,46.225469,20,3.43755033e-01,6.45796822e-02,1.60589560e-01,1.74604564e-01,7.78832329e-02,6.25000000e-05,948353
338,46.317066,20,3.40909204e-01,6.40207997e-02,1.59898820e-01,1.64844065e-01,6.83236875e-02,6.25000000e-05,948353
339,46.018968,20,3.41024241e-01,6.40567205e-02,1.59948164e-01,1.66004557e-01,6.94544651e-02,6.25000000e-05,948353
340,46.869047,20,3.36758450e-01,6.31838598e-02,1.58835848e-01,1.70132062e-01,7.28493614e-02,6.25000000e-05,948353
341,47.157170,20,3.36614306e-01,6.31675878e-02,1.58808490e-01,1.63961489e-01,6.79849049e-02,6.25000000e-05,948353
342,46.379918,20,3.33232869e-01,6.25158503e-02,1.58014995e-01,1.66402382e-01,6.98260326e-02,6.25000000e-05,948353
343,46.007206,20,3.41143854e-01,6.40714164e-02,1.60010028e-01,1.65220058e-01,6.89889111e-02,6.25000000e-05,948353
344,46.094150,20,3.35964457e-01,6.30405241e-02,1.58620161e-01,1.69748126e-01,7.26697134e-02,6.25000000e-05,948353
345,47.068164,20,3.43569162e-01,6.45623093e-02,1.60395283e-01,1.63268285e-01,6.73085459e-02,6.25000000e-05,948353
346,46.965477,20,3.35889930e-01,6.30314251e-02,1.58587348e-01,1.80968801e-01,8.22084680e-02,6.25000000e-05,948353
347,50.565926,20,3.42385794e-01,6.43268425e-02,1.60188877e-01,1.66931050e-01,7.01414626e-02,6.25000000e-05,948353
348,47.146192,20,3.41554643e-01,6.41455813e-02,1.59930736e-01,1.65513033e-01,6.92556394e-02,6.25000000e-05,948353
349,46.503212,20,3.33631446e-01,6.25612855e-02,1.58031041e-01,1.64623386e-01,6.87029760e-02,6.25000000e-05,948353
350,46.314861,20,3.38093987e-01,6.34756853e-02,1.59084697e-01,1.66888469e-01,7.05767080e-02,6.25000000e-05,948353
351,48.235722,20,3.33653241e-01,6.25924068e-02,1.58109968e-01,1.66372768e-01,6.96341088e-02,6.25000000e-05,948353
352,46.185874,20,3.38947505e-01,6.36434413e-02,1.59394891e-01,1.68144035e-01,7.10708074e-02,6.25000000e-05,948353
353,47.622595,20,3.31405926e-01,6.21455212e-02,1.57476627e-01,1.68230169e-01,7.12743530e-02,6.25000000e-05,948353
354,45.156549,20,3.35841758e-01,6.30443072e-02,1.58643099e-01,1.66351455e-01,6.95636580e-02,6.25000000e-05,948353
355,47.468302,20,3.33326587e-01,6.25351258e-02,1.58039196e-01,1.62913592e-01,6.70655677e-02,6.25000000e-05,948353
356,45.362662,20,3.38581109e-01,6.35622570e-02,1.59220904e-01,1.64815031e-01,6.84264444e-02,6.25000000e-05,948353
357,45.195847,20,3.34825836e-01,6.28259997e-02,1.58374319e-01,1.66583158e-01,6.97624559e-02,6.25000000e-05,948353
358,44.477493,20,3.32850604e-01,6.24278747e-02,1.57851839e-01,1.64570470e-01,6.82489578e-02,6.25000000e-05,948353
359,47.569233,20,3.38119830e-01,6.34790545e-02,1.59152506e-01,1.63749258e-01,6.81387173e-02,6.25000000e-05,948353
360,49.427626,20,3.32874061e-01,6.24164980e-02,1.57858024e-01,1.65927634e-01,6.92444704e-02,6.25000000e-05,948353
361,47.049171,20,3.31066472e-01,6.20631068e-02,1.57409565e-01,1.64910650e-01,6.85293661e-02,6.25000000e-05,948353
362,46.659257,20,3.35136715e-01,6.28775172e-02,1.58399925e-01,1.67241191e-01,7.04812888e-02,6.25000000e-05,948353
363,46.117874,20,3.28106185e-01,6.14828532e-02,1.56683170e-01,1.64746233e-01,6.83285182e-02,6.25000000e-05,948353
364,46.131058,20,3.35997660e-01,6.30583841e-02,1.58674841e-01,1.63703008e-01,6.80428892e-02,6.25000000e-05,948353
365,47.285403,20,3.34365013e-01,6.27255873e-02,1.58183474e-01,1.64814945e-01,6.86109206e-02,6.25000000e-05,948353
366,46.056460,20,3.32443290e-01,6.23342404e-02,1.57775901e-01,1.64777795e-01,6.84067734e-02,6.25000000e-05,948353
367,44.729049,20,3.29957374e-01,6.18317709e-02,1.57135245e-01,1.69546317e-01,7.23658614e-02,6.25000000e-05,948353
368,46.580047,20,3.28821381e-01,6.15986857e-02,1.56835933e-01,1.63551760e-01,6.73029155e-02,6.25000000e-05,948353
369,48.102790,20,3.32332899e-01,6.23074300e-02,1.57705151e-01,1.62443762e-01,6.65465510e-02,6.25000000e-05,948353
370,46.618474,20,3.31568260e-01,6.21495340e-02,1.57503033e-01,1.65585220e-01,6.90624626e-02,6.25000000e-05,948353
371,47.672988,20,3.39490559e-01,6.37196314e-02,1.59433792e-01,1.64722772e-01,6.82109857e-02,6.25000000e-05,948353
372,47.185344,20,3.35417202e-01,6.28955508e-02,1.58411680e-01,1.68320466e-01,7.12156400e-02,6.25000000e-05,948353
373,47.308606,20,3.36569661e-01,6.31257289e-02,1.58684858e-01,1.62282661e-01,6.62890268e-02,6.25000000e-05,948353
374,46.513956,20,3.37639584e-01,6.33349785e-02,1.58951165e-01,1.64585969e-01,6.84500625e-02,6.25000000e-05,948353
375,46.379015,20,3.31750108e-01,6.21737828e-02,1.57510949e-01,1.63688614e-01,6.76140441e-02,6.25000000e-05,948353
376,46.252764,20,3.30879886e-01,6.20009284e-02,1.57338258e-01,1.63703827e-01,6.76913908e-02,6.25000000e-05,948353
377,46.212599,20,3.36770449e-01,6.31662290e-02,1.58742919e-01,1.65333803e-01,6.90143829e-02,6.25000000e-05,948353
378,45.692750,20,3.28338173e-01,6.14965640e-02,1.56696052e-01,1.62526982e-01,6.66866733e-02,6.25000000e-05,948353
379,44.431569,20,3.36402244e-01,6.31210631e-02,1.58690317e-01,1.66938679e-01,7.02845093e-02,6.25000000e-05,948353
380,45.465448,20,3.38613058e-01,6.35408958e-02,1.59186548e-01,1.66862314e-01,7.07225461e-02,6.25000000e-05,948353
381,46.660329,20,3.31087757e-01,6.20229445e-02,1.57374914e-01,1.67545567e-01,7.06669124e-02,6.25000000e-05,948353
382,47.410617,20,3.33455603e-01,6.25023451e-02,1.57923936e-01,1.71825344e-01,7.42459586e-02,6.25000000e-05,948353
383,47.587338,20,3.28602344e-01,6.15375029e-02,1.56767506e-01,1.66954813e-01,7.06925709e-02,6.25000000e-05,948353
384,45.843811,20,3.29618399e-01,6.17554898e-02,1.57021960e-01,1.64091623e-01,6.79315636e-02,6.25000000e-05,948353
385,45.760031,20,3.26641832e-01,6.11527112e-02,1.56264709e-01,1.63732414e-01,6.75618326e-02,6.25000000e-05,948353
386,46.230656,20,3.27007464e-01,6.12430295e-02,1.56331834e-01,1.62509672e-01,6.66562868e-02,6.25000000e-05,948353
387,45.505217,20,3.35237008e-01,6.28983928e-02,1.58405730e-01,1.64874532e-01,6.84503334e-02,6.25000000e-05,948353
388,46.443103,20,3.33801151e-01,6.25761889e-02,1.57998886e-01,1.63315256e-01,6.78609440e-02,6.25000000e-05,948353
389,47.089515,20,3.30017950e-01,6.18120367e-02,1.57060558e-01,1.62576447e-01,6.66958932e-02,6.25000000e-05,948353
390,47.084019,20,3.28979600e-01,6.16105277e-02,1.56797521e-01,1.62798707e-01,6.69797748e-02,6.25000000e-05,948353
391,45.525851,20,3.31369690e-01,6.20814445e-02,1.57345723e-01,1.64159076e-01,6.79312706e-02,6.25000000e-05,948353
392,47.390107,20,3.35121101e-01,6.28453733e-02,1.58352772e-01,1.74639663e-01,7.68092629e-02,6.25000000e-05,948353
393,47.231545,20,3.32039469e-01,6.22065616e-02,1.57548605e-01,1.71562571e-01,7.41907498e-02,6.25000000e-05,948353
394,45.088017,20,3.26666579e-01,6.11570121e-02,1.56266369e-01,1.67109737e-01,7.01932570e-02,6.25000000e-05,948353
395,46.227131,20,3.29907745e-01,6.18007613e-02,1.57075479e-01,1.61831628e-01,6.60144703e-02,6.25000000e-05,948353
396,44.946868,20,3.27586604e-01,6.13503993e-02,1.56451070e-01,1.63570935e-01,6.77611668e-02,6.25000000e-05,948353
397,44.448122,20,3.27557013e-01,6.13449681e-02,1.56467826e-01,1.64108584e-01,6.79887468e-02,6.25000000e-05,948353
398,45.452737,20,3.31951698e-01,6.21981675e-02,1.57574081e-01,1.62022691e-01,6.63415076e-02,6.25000000e-05,948353
399,45.260630,20,3.21887685e-01,6.02008082e-02,1.55033288e-01,1.61265432e-01,6.55981243e-02,3.12500000e-05,948353
400,49.662111,20,3.14494821e-01,5.87346727e-02,1.53089300e-01,1.60403581e-01,6.50961546e-02,3.12500000e-05,948353
401,48.937217,20,3.10649130e-01,5.79897410e-02,1.52184668e-01,1.59701758e-01,6.45321308e-02,3.12500000e-05,948353
402,46.689850,20,3.09304764e-01,5.77319771e-02,1.51853327e-01,1.60431631e-01,6.50715299e-02,3.12500000e-05,948353
403,46.134994,20,3.11887055e-01,5.82417049e-02,1.52474200e-01,1.60203247e-01,6.48864456e-02,3.12500000e-05,948353
404,47.288439,20,3.11451645e-01,5.81549302e-02,1.52391207e-01,1.61578720e-01,6.59420453e-02,3.12500000e-05,948353
405,49.114149,20,3.08505425e-01,5.75748779e-02,1.51636172e-01,1.62534876e-01,6.64755912e-02,3.12500000e-05,948353
406,46.660546,20,3.10065337e-01,5.78904106e-02,1.52060302e-01,1.61055722e-01,6.54116338e-02,3.12500000e-05,948353
407,46.682046,20,3.08161857e-01,5.75104715e-02,1.51549082e-01,1.60318226e-01,6.50221920e-02,3.12500000e-05,948353
408,47.148763,20,3.06912059e-01,5.72661442e-02,1.51208113e-01,1.60217349e-01,6.47902984e-02,3.12500000e-05,948353
409,46.618549,20,3.07324360e-01,5.73609859e-02,1.51341215e-01,1.60437857e-01,6.49063392e-02,3.12500000e-05,948353
410,49.012177,20,3.07970610e-01,5.74910214e-02,1.51504444e-01,1.62377487e-01,6.65178543e-02,3.12500000e-05,948353
411,47.821784,20,3.06689067e-01,5.72332485e-02,1.51171179e-01,1.59634551e-01,6.45147083e-02,3.12500000e-05,948353
412,46.279772,20,3.07238646e-01,5.73494776e-02,1.51331410e-01,1.58653883e-01,6.35626899e-02,3.12500000e-05,948353
413,47.162432,20,3.06453832e-01,5.71948752e-02,1.51122257e-01,1.59846490e-01,6.44518266e-02,3.12500000e-05,948353
414,45.335663,20,3.07218040e-01,5.73416171e-02,1.51317080e-01,1.60096893e-01,6.46482645e-02,3.12500000e-05,948353
415,46.872486,20,3.07321002e-01,5.73640885e-02,1.51342931e-01,1.59687026e-01,6.42148601e-02,3.12500000e-05,948353
416,50.607502,20,3.07211165e-01,5.73433860e-02,1.51316155e-01,1.59770389e-01,6.44620113e-02,3.12500000e-05,948353
417,45.304454,20,3.08672096e-01,5.76328845e-02,1.51697439e-01,1.59280601e-01,6.40426731e-02,3.12500000e-05,948353
418,45.075195,20,3.06801491e-01,5.72698114e-02,1.51215617e-01,1.59368921e-01,6.43365877e-02,3.12500000e-05,948353
419,48.761945,20,3.05848571e-01,5.70696070e-02,1.50947425e-01,1.59118642e-01,6.38575727e-02,3.12500000e-05,948353
420,45.764537,20,3.05021920e-01,5.69077102e-02,1.50749232e-01,1.59992186e-01,6.44885516e-02,3.12500000e-05,948353
421,46.128626,20,3.06093669e-01,5.71175701e-02,1.51035043e-01,1.58830991e-01,6.36401925e-02,3.12500000e-05,948353
422,46.374230,20,3.04269848e-01,5.67520108e-02,1.50536446e-01,1.59020130e-01,6.37964116e-02,3.12500000e-05,948353
423,46.214908,20,3.06812035e-01,5.72735464e-02,1.51244524e-01,1.61000947e-01,6.56267621e-02,3.12500000e-05,948353
424,43.925971,20,3.04991497e-01,5.69072020e-02,1.50742829e-01,1.59017467e-01,6.40801847e-02,3.12500000e-05,948353
425,47.758822,20,3.04768242e-01,5.68687128e-02,1.50685531e-01,1.60154446e-01,6.45616215e-02,3.12500000e-05,948353
426,45.729795,20,3.06732223e-01,5.72565482e-02,1.51162695e-01,1.61656195e-01,6.57627530e-02,3.12500000e-05,948353
427,47.417544,20,3.05269774e-01,5.69598795e-02,1.50820639e-01,1.58510375e-01,6.35390511e-02,3.12500000e-05,948353
428,46.392473,20,3.03871528e-01,5.66940537e-02,1.50450317e-01,1.59041703e-01,6.38134021e-02,3.12500000e-05,948353
429,45.982584,20,3.02961358e-01,5.65157907e-02,1.50229633e-01,1.59228444e-01,6.39252869e-02,3.12500000e-05,948353
430,46.573712,20,3.03110090e-01,5.65550709e-02,1.50264019e-01,1.57938637e-01,6.28911626e-02,3.12500000e-05,948353
431,45.746088,20,3.04383119e-01,5.68021413e-02,1.50577093e-01,1.59470807e-01,6.43472714e-02,3.12500000e-05,948353
432,47.364296,20,3.04398061e-01,5.68130505e-02,1.50626536e-01,1.59495865e-01,6.42248176e-02,3.12500000e-05,948353
433,46.091215,20,3.05171228e-01,5.69562162e-02,1.50788297e-01,1.57848458e-01,6.28581308e-02,3.12500000e-05,948353
434,47.640861,20,3.04865344e-01,5.69075192e-02,1.50765303e-01,1.58581855e-01,6.35063311e-02,3.12500000e-05,948353
435,45.957141,20,3.03946554e-01,5.67134452e-02,1.50487645e-01,1.59544961e-01,6.40911076e-02,3.12500000e-05,948353
436,47.618563,20,3.02737254e-01,5.64819981e-02,1.50190093e-01,1.58229222e-01,6.31462833e-02,3.12500000e-05,948353
437,48.412478,20,3.01398979e-01,5.62152121e-02,1.49824739e-01,1.58306735e-01,6.31468648e-02,3.12500000e-05,948353
438,45.534392,20,3.04820249e-01,5.69120504e-02,1.50740622e-01,1.59233152e-01,6.37918497e-02,3.12500000e-05,948353
439,46.681970,20,3.01824506e-01,5.63043259e-02,1.49951451e-01,1.58143204e-01,6.30967142e-02,3.12500000e-05,948353
440,45.507532,20,3.02173783e-01,5.63824074e-02,1.50054179e-01,1.58470858e-01,6.33919641e-02,3.12500000e-05,948353
441,46.586362,20,3.01813823e-01,5.63189150e-02,1.49956395e-01,1.58717825e-01,6.34377765e-02,3.12500000e-05,948353
442,45.931349,20,3.01981231e-01,5.63414754e-02,1.49975652e-01,1.58132508e-01,6.31366111e-02,3.12500000e-05,948353
443,46.787939,20,3.04663920e-01,5.68812890e-02,1.50704431e-01,1.62514733e-01,6.64263811e-02,3.12500000e-05,948353
444,46.201638,20,3.02244185e-01,5.63941179e-02,1.50059751e-01,1.57714790e-01,6.27233014e-02,3.12500000e-05,948353
445,47.921642,20,3.02814584e-01,5.65114771e-02,1.50212043e-01,1.59116402e-01,6.38224563e-02,3.12500000e-05,948353
446,48.035221,20,3.00912784e-01,5.61397641e-02,1.49690462e-01,1.59063692e-01,6.38416903e-02,3.12500000e-05,948353
447,47.097298,20,3.04292171e-01,5.68262215e-02,1.50616008e-01,1.59966578e-01,6.44640282e-02,3.12500000e-05,948353
448,46.867561,20,3.03367112e-01,5.66377588e-02,1.50397405e-01,1.59373922e-01,6.40499014e-02,3.12500000e-05,948353
449,47.638745,20,3.00630934e-01,5.60836373e-02,1.49648944e-01,1.57535781e-01,6.25585945e-02,3.12500000e-05,948353
450,47.845677,20,2.99945412e-01,5.59664088e-02,1.49506801e-01,1.57602286e-01,6.27879692e-02,3.12500000e-05,948353
451,49.545426,20,3.05304101e-01,5.70222617e-02,1.50867329e-01,1.60871719e-01,6.51363270e-02,3.12500000e-05,948353
452,45.971473,20,3.03328382e-01,5.66171662e-02,1.50358687e-01,1.58121571e-01,6.30556658e-02,3.12500000e-05,948353
453,50.774418,20,3.00951170e-01,5.61523471e-02,1.49735423e-01,1.58519759e-01,6.33218594e-02,3.12500000e-05,948353
454,47.325650,20,3.00637578e-01,5.60993246e-02,1.49684544e-01,1.58622789e-01,6.35665528e-02,3.12500000e-05,948353
455,45.831565,20,2.98790932e-01,5.57279699e-02,1.49187272e-01,1.58913652e-01,6.36221310e-02,3.12500000e-05,948353
456,47.889333,20,2.98036750e-01,5.55885927e-02,1.48976587e-01,1.57388691e-01,6.24222364e-02,3.12500000e-05,948353
457,48.185449,20,3.00437174e-01,5.60792731e-02,1.49639767e-01,1.58253906e-01,6.32838616e-02,3.12500000e-05,948353
458,47.961717,20,3.01820090e-01,5.63426283e-02,1.50009666e-01,1.63837065e-01,6.75295165e-02,3.12500000e-05,948353
459,46.155476,20,3.01399330e-01,5.62609060e-02,1.49909155e-01,1.57367339e-01,6.24419242e-02,3.12500000e-05,948353
460,47.051405,20,3.05171825e-01,5.70126049e-02,1.50896301e-01,1.57913657e-01,6.30261220e-02,3.12500000e-05,948353
461,47.329537,20,3.02194382e-01,5.64033132e-02,1.50078888e-01,1.57508915e-01,6.26167802e-02,3.12500000e-05,948353
462,48.486644,20,3.00270316e-01,5.60207161e-02,1.49560082e-01,1.57422561e-01,6.26229392e-02,3.12500000e-05,948353
463,46.694683,20,2.99756387e-01,5.59339960e-02,1.49447987e-01,1.58223113e-01,6.30886160e-02,3.12500000e-05,948353
464,46.621117,20,2.96927830e-01,5.53724218e-02,1.48682868e-01,1.58224185e-01,6.33246630e-02,3.12500000e-05,948353
465,45.665304,20,2.99795876e-01,5.59527414e-02,1.49475001e-01,1.57424428e-01,6.25305964e-02,3.12500000e-05,948353
466,46.531191,20,2.98515547e-01,5.57008940e-02,1.49152963e-01,1.58229380e-01,6.31298508e-02,3.12500000e-05,948353
467,47.749073,20,2.99672223e-01,5.59213808e-02,1.49404630e-01,1.57179861e-01,6.23807212e-02,3.12500000e-05,948353
468,48.834363,20,2.99396631e-01,5.58800206e-02,1.49385996e-01,1.61350832e-01,6.56271303e-02,3.12500000e-05,948353
469,48.898139,20,3.01620340e-01,5.63147036e-02,1.49938492e-01,1.58784871e-01,6.35914931e-02,3.12500000e-05,948353
470,49.674962,20,2.99429346e-01,5.58811783e-02,1.49376557e-01,1.58801652e-01,6.35672988e-02,3.12500000e-05,948353
471,49.299305,20,2.97724909e-01,5.55462392e-02,1.48921927e-01,1.57162967e-01,6.24366958e-02,3.12500000e-05,948353
472,46.047288,20,2.97357656e-01,5.54851034e-02,1.48816713e-01,1.58556967e-01,6.37554478e-02,3.12500000e-05,948353
473,49.233180,20,2.98751979e-01,5.57624593e-02,1.49223971e-01,1.60952214e-01,6.56387219e-02,3.12500000e-05,948353
474,44.756058,20,2.99528672e-01,5.59208078e-02,1.49394132e-01,1.57717107e-01,6.27371898e-02,3.12500000e-05,948353
475,48.484598,20,2.99731671e-01,5.59537494e-02,1.49456703e-01,1.58505488e-01,6.32061765e-02,3.12500000e-05,948353
476,46.339668,20,3.01445288e-01,5.62993199e-02,1.49910988e-01,1.57914217e-01,6.30179375e-02,3.12500000e-05,948353
477,48.225715,20,2.99014446e-01,5.58101511e-02,1.49261563e-01,1.58429022e-01,6.33423740e-02,3.12500000e-05,948353
478,47.785695,20,2.97095724e-01,5.54266961e-02,1.48756430e-01,1.57190180e-01,6.23450795e-02,3.12500000e-05,948353
479,49.042343,20,2.98100864e-01,5.56286054e-02,1.49038711e-01,1.59113736e-01,6.38172826e-02,3.12500000e-05,948353
480,48.288895,20,3.00386400e-01,5.60895205e-02,1.49687981e-01,1.57130688e-01,6.24044333e-02,3.12500000e-05,948353
481,49.209547,20,2.99716566e-01,5.59475403e-02,1.49477005e-01,1.57448130e-01,6.26269221e-02,3.12500000e-05,948353
482,46.548150,20,2.97100794e-01,5.54329854e-02,1.48752549e-01,1.57286613e-01,6.23326242e-02,3.12500000e-05,948353
483,48.241084,20,2.98140518e-01,5.56481657e-02,1.49047235e-01,1.57263384e-01,6.26401357e-02,3.12500000e-05,948353
484,44.644679,20,2.97734160e-01,5.55712408e-02,1.48953970e-01,1.57868395e-01,6.29342536e-02,3.12500000e-05,948353
485,46.508870,20,2.97807325e-01,5.55871496e-02,1.48957852e-01,1.57033520e-01,6.22397665e-02,3.12500000e-05,948353
486,46.971238,20,2.97861027e-01,5.56031321e-02,1.49003449e-01,1.60444431e-01,6.48548435e-02,3.12500000e-05,948353
487,46.320478,20,2.96324100e-01,5.52992250e-02,1.48612099e-01,1.58617119e-01,6.38250768e-02,3.12500000e-05,948353
488,49.397954,20,2.98268305e-01,5.56809155e-02,1.49101614e-01,1.57635684e-01,6.28503390e-02,3.12500000e-05,948353
489,49.544859,20,2.98035441e-01,5.56399261e-02,1.49056551e-01,1.60831392e-01,6.51210381e-02,3.12500000e-05,948353
490,49.755596,20,2.98150466e-01,5.56552408e-02,1.49073070e-01,1.59896880e-01,6.48171673e-02,3.12500000e-05,948353
491,46.907659,20,3.01920811e-01,5.64146807e-02,1.50066726e-01,1.57557011e-01,6.27235882e-02,3.12500000e-05,948353
492,47.135432,20,2.99496905e-01,5.59333863e-02,1.49437005e-01,1.59358659e-01,6.39563996e-02,3.12500000e-05,948353
493,45.883228,20,2.96691284e-01,5.53774506e-02,1.48682882e-01,1.57153274e-01,6.23101652e-02,3.12500000e-05,948353
494,47.929420,20,2.98968081e-01,5.58301022e-02,1.49289379e-01,1.60160477e-01,6.46408256e-02,3.12500000e-05,948353
495,47.787766,20,2.98443166e-01,5.57121355e-02,1.49127724e-01,1.57601851e-01,6.27320789e-02,3.12500000e-05,948353
496,48.328820,20,2.96006281e-01,5.52388934e-02,1.48503464e-01,1.57159591e-01,6.24132350e-02,3.12500000e-05,948353
497,46.409482,20,2.95075916e-01,5.50606153e-02,1.48268430e-01,1.58572127e-01,6.36731958e-02,3.12500000e-05,948353
498,49.957019,20,2.98327412e-01,5.57186793e-02,1.49144301e-01,1.56929709e-01,6.21198736e-02,3.12500000e-05,948353
499,51.228954,20,2.95330207e-01,5.51130422e-02,1.48337784e-01,1.57547766e-01,6.26494566e-02,1.56250000e-05,948353
